long,long,long,long,flags,long,long,long,long,long,long,str,None,None,None,None,None,None,None,flags,flags,
61,0,12,160,0x40,0,11,35,1,0,0,"Thunder Falls",,,,,,,,0x6F001E,0x0,
63,0,12,162,0x40,0,11,35,1,0,6,"The Stonefield Farm",,,,,,,,0xF001E,0x0,
65,0,0,164,0x44,0,11,0,0,0,0,"***On Map Dungeon***",,,,,,,,0x6F001C,0x0,
66,1,0,165,0x44,0,11,0,0,0,0,"***On Map Dungeon***",,,,,,,,0x6F001C,0x0,
69,0,44,167,0x40,0,11,0,1,0,15,"Lakeshire",,,,,,,,0x6F001E,0x0,
70,0,44,168,0x40,0,11,0,1,0,24,"Stonewatch",,,,,,,,0x6F001E,0x0,
72,0,4,169,0x40,0,11,210,7,0,63,"Dark Portal",,,,,,,,0x6F001E,0x0,
74,0,8,171,0x40,0,11,0,0,0,43,"Pool of Tears",,,,,,,,0x6F001E,0x0,
75,0,8,172,0x40,0,11,0,0,0,37,"Stonard",,,,,,,,0x6F001E,0x0,
76,0,8,173,0x40,0,11,0,0,0,37,"Fallow Sanctuary",,,,,,,,0x6F001E,0x0,
80,0,12,175,0x40,0,11,35,17,0,10,"Stormwind Mountains",,,,,,,,0xF000E,0x2,
82,451,22,176,0x40,0,11,0,0,0,0,"Jeff NW Quadrant",,,,,,,,0x6F001E,0x0,
85,0,0,179,0x40,0,11,40,2,0,0,"Tirisfal Glades",,,,,,,,0xF000E,0x4,
86,0,12,180,0x40,0,11,35,1,0,8,"Stone Cairn Lake",,,,,,,,0x6F001E,0x0,
88,0,12,181,0x40,0,11,35,1,0,6,"Eastvale Logging Camp",,,,,,,,0xF001E,0x0,
89,0,12,182,0x40,0,11,35,1,0,0,"Mirror Lake Orchard",,,,,,,,0x6F001E,0x0,
91,0,12,183,0x40,0,11,35,1,0,8,"Tower of Azora",,,,,,,,0xF001E,0x0,
94,0,10,184,0x40,0,11,0,2,0,24,"Raven Hill",,,,,,,,0x6F001E,0x0,
95,0,44,185,0x40,0,11,0,1,0,20,"Redridge Canyons",,,,,,,,0x6F001E,0x0,
96,0,44,186,0x40,0,11,0,1,0,25,"Tower of Ilgalar",,,,,,,,0x6F001E,0x0,
97,0,44,187,0x40,0,11,0,1,0,19,"Alther's Mill",,,,,,,,0x6F001E,0x0,
99,0,33,189,0x40,0,11,0,3,0,30,"Rebel Camp",,,,,,,,0x6F001E,0x0,
101,0,33,190,0x40,0,11,0,3,0,32,"Kurzen's Compound",,,,,,,,0x6F001E,0x0,
103,0,33,191,0x40,0,11,0,3,0,40,"Ruins of Zul'Mamwe",,,,,,,,0x6F001E,0x0,
104,0,33,192,0x40,0,11,0,3,0,37,"The Vile Reef",,,,,,,,0x6F001E,0x0,
105,0,33,193,0x40,0,11,0,3,0,42,"Mosh'Ogg Ogre Mound",,,,,,,,0x6F001E,0x0,
106,0,33,194,0x40,0,11,0,3,0,0,"The Stockpile",,,,,,,,0x6F001E,0x0,
107,0,40,195,0x40,0,11,0,9,0,14,"Saldean's Farm",,,,,,,,0x6F001E,0x0,
108,0,40,196,0x40,0,11,0,9,0,15,"Sentinel Hill",,,,,,,,0x6F001E,0x0,
115,0,40,199,0x40,0,11,24,9,0,17,"Westfall Lighthouse",,,,,,,,0xF001E,0x0,
116,0,8,200,0x40,0,11,0,0,0,39,"Misty Valley",,,,,,,,0x6F001E,0x0,
118,0,11,201,0x40,0,11,0,191,0,22,"Whelgar's Excavation Site",,,,,,,,0x6F001E,0x0,
121,0,10,202,0x40,0,11,0,15,0,28,"Tranquil Gardens Cemetery",,,,,,,,0xF001E,0x0,
122,0,33,203,0x40,0,11,0,3,0,37,"Zuuldaia Ruins",,,,,,,,0x6F001E,0x0,
123,0,33,204,0x40,0,11,0,3,0,34,"Bal'lal Ruins",,,,,,,,0x6F001E,0x0,
125,0,33,205,0x40,0,11,0,3,0,35,"Kal'ai Ruins",,,,,,,,0x6F001E,0x0,
126,0,33,206,0x40,0,11,0,3,0,0,"Tkashi Ruins",,,,,,,,0x6F001E,0x0,
127,0,33,207,0x40,0,11,0,3,0,40,"Balia'mah Ruins",,,,,,,,0x6F001E,0x0,
128,0,33,208,0x40,0,11,0,3,0,36,"Ziata'jai Ruins",,,,,,,,0x6F001E,0x0,
129,0,33,209,0x40,0,11,0,3,0,37,"Mizjah Ruins",,,,,,,,0x6F001E,0x0,
132,0,1,212,0x40,0,11,0,0,0,0,"Coldridge Valley",,,,,,,,0xF000E,0x0,
133,0,1,213,0x40,0,11,42,8,0,10,"Gnomeregan",,,,,,,,0x6F001E,0x0,
134,0,1,214,0x40,0,11,0,8,0,10,"Gol'Bolar Quarry",,,,,,,,0x6F001E,0x0,
135,0,1,215,0x40,0,11,0,8,0,7,"Frostmane Hold",,,,,,,,0x6F001E,0x0,
136,0,1,216,0x40,0,11,0,0,0,5,"The Grizzled Den",,,,,,,,0x6F001E,0x0,
137,0,1,217,0x40,0,11,0,8,0,7,"Brewnall Village",,,,,,,,0x6F001E,0x0,
141,1,0,220,0x40,0,11,48,11,0,0,"Teldrassil",,,,,,,,0xF001E,0x2,
142,0,38,221,0x40,0,11,0,1,0,15,"Ironband's Excavation Site",,,,,,,,0x6F001E,0x0,
143,0,38,222,0x40,0,11,0,14,0,18,"Mo'grosh Stronghold",,,,,,,,0x6F001E,0x0,
144,0,38,223,0x40,0,11,0,1,0,10,"Thelsamar",,,,,,,,0x6F001E,0x0,
145,0,38,224,0x40,0,11,0,1,0,18,"Algaz Gate",,,,,,,,0x6F001E,0x0,
146,0,38,225,0x40,0,11,230,1,0,15,"Stonewrought Dam",,,,,,,,0x6F001E,0x0,
147,0,38,226,0x40,0,11,0,1,0,15,"The Farstrider Lodge",,,,,,,,0x6F001E,0x0,
150,0,11,229,0x40,0,11,0,191,0,20,"Menethil Harbor",,,,,,,,0xF001E,0x0,
152,0,85,230,0x40,0,11,0,2,0,9,"The Bulwark",,,,,,,,0x6F001E,0x0,
154,0,85,231,0x40,0,11,0,15,0,0,"Deathknell",,,,,,,,0xF000E,0x0,
155,0,85,232,0x40,0,11,0,2,0,0,"Night Web's Hollow",,,,,,,,0xF000E,0x0,
158,0,85,235,0x40,0,11,0,15,0,0,"Agamand Family Crypt",,,,,,,,0x6F001E,0x0,
159,0,85,236,0x40,0,11,0,15,0,5,"Brill",,,,,,,,0x6F001E,0x0,
160,0,85,237,0x40,0,11,0,2,0,12,"Whispering Gardens",,,,,,,,0x6F001E,0x0,
161,0,85,238,0x40,0,11,0,2,0,10,"Terrace of Repose",,,,,,,,0x6F001E,0x0,
162,0,85,239,0x40,0,11,0,2,0,7,"Brightwater Lake",,,,,,,,0x6F001E,0x0,
164,0,85,241,0x40,0,11,0,2,0,7,"Garren's Haunt",,,,,,,,0x6F001E,0x0,
165,0,85,242,0x40,0,11,0,15,0,5,"Balnir Farmstead",,,,,,,,0x6F001E,0x0,
166,0,85,243,0x40,0,11,0,2,0,5,"Cold Hearth Manor",,,,,,,,0x6F001E,0x0,
168,0,85,245,0x40,0,11,0,2,0,0,"The North Coast",,,,,,,,0x6F001E,0x0,
170,0,0,246,0x40,0,11,31,2,0,0,"Lordamere Lake",,,,,,,,0x6F001E,0x0,
172,0,130,247,0x40,0,11,0,2,0,18,"Fenris Isle",,,,,,,,0x6F001E,0x0,
189,0,1,249,0x40,0,11,0,8,0,5,"Steelgrill's Depot",,,,,,,,0x6F001E,0x0,
190,0,28,250,0x40,0,11,0,0,0,56,"Hearthglen",,,,,,,,0xF000E,0x0,
193,0,28,252,0x40,0,11,0,15,0,55,"Ruins of Andorhal",,,,,,,,0x30002,0x0,
195,0,28,253,0x40,0,11,0,0,0,0,"School of Necromancy",,,,,,,,0x6F001C,0x0,
197,0,28,254,0x40,0,11,0,0,0,50,"Sorrow Hill",,,,,,,,0x6F001E,0x0,
198,0,28,255,0x40,0,11,0,0,0,55,"The Weeping Cave",,,,,,,,0x6F001C,0x0,
199,0,28,256,0x40,0,11,0,0,0,50,"Felstone Field",,,,,,,,0x6F001E,0x0,
200,0,28,257,0x40,0,11,0,0,0,54,"Dalson's Tears",,,,,,,,0x6F001C,0x0,
201,0,28,258,0x40,0,11,0,0,0,57,"Gahrron's Withering",,,,,,,,0x6F000C,0x0,
202,0,28,259,0x40,0,11,0,10,0,46,"The Writhing Haunt",,,,,,,,0x6F001C,0x0,
203,0,28,260,0x40,0,11,0,0,0,0,"Mardenholde Keep",,,,,,,,0x6F001C,0x0,
205,0,11,262,0x40,0,11,0,191,0,28,"Dun Modr",,,,,,,,0x6F001E,0x0,
206,36,0,263,0x40,0,11,47,9,0,0,"Westfall",,,,,,,,0x6F001E,0x0,
207,36,0,264,0x40,0,11,0,9,0,0,"The Great Sea",,,,,,,,0x6F001E,0x0,
208,36,0,265,0x40,76,11,34,0,0,0,"Unused Ironcladcove",,,,,,,,0xF000C,0x0,
209,33,0,266,0x0,0,11,28,2,0,16,"Shadowfang Keep",,,,,,,,0xF000E,0x4,
210,36,0,267,0x44,0,11,0,0,0,0,"***On Map Dungeon***",,,,,,,,0x6F001C,0x0,
212,0,1,269,0x40,0,11,0,8,0,8,"Helm's Bed Lake",,,,,,,,0x6F001E,0x0,
213,0,130,270,0x40,0,11,0,2,324,13,"Deep Elem Mine",,,,,,,,0x6F001E,0x0,
251,0,46,2,0x40,0,11,0,0,0,0,"Flame Crest",,,,,,,,0x6F001E,0x0,
252,0,46,3,0x40,0,11,0,0,301,57,"Blackrock Stronghold",,,,,,,,0xF001E,0x0,
253,0,46,4,0x40,0,11,0,0,0,56,"The Pillar of Ash",,,,,,,,0x6F001E,0x0,
255,0,46,5,0x40,0,11,0,10,0,0,"Altar of Storms",,,,,,,,0x6F001E,0x0,
256,1,141,6,0x40,0,11,0,11,0,0,"Aldrassil",,,,,,,,0x6F001E,0x0,
257,1,141,7,0x40,0,11,0,11,0,0,"Shadowthread Cave",,,,,,,,0x6F001E,0x0,
258,1,141,8,0x40,0,11,0,11,0,0,"Fel Rock",,,,,,,,0x6F001E,0x0,
259,1,141,9,0x40,0,11,0,11,0,5,"Lake Al'Ameth",,,,,,,,0x6F001E,0x0,
260,1,141,10,0x40,0,11,0,11,0,6,"Starbreeze Village",,,,,,,,0x6F001E,0x0,
262,1,141,12,0x40,0,11,0,11,0,0,"Ban'ethil Barrow Den",,,,,,,,0x6F001E,0x0,
263,1,141,13,0x40,0,11,0,0,0,0,"The Cleft",,,,,,,,0x6F001E,0x0,
264,1,141,14,0x40,0,11,0,11,0,9,"The Oracle Glade",,,,,,,,0x6F001E,0x0,
265,1,141,15,0x40,0,11,0,0,0,11,"Wellspring River",,,,,,,,0xF001E,0x0,
266,1,141,16,0x40,0,11,0,0,0,9,"Wellspring Lake",,,,,,,,0x6F001E,0x0,
267,0,0,17,0x40,0,11,31,1,0,0,"Hillsbrad Foothills",,,,,,,,0xF000E,0x0,
269,0,0,18,0x40,0,11,31,0,0,18,"Dun Algaz",,,,,,,,0x6F001E,0x0,
272,0,267,19,0x40,0,11,0,182,0,20,"Tarren Mill",,,,,,,,0xF000E,0x0,
275,0,267,20,0x40,0,11,0,191,302,21,"Durnholde Keep",,,,,,,,0x6F001E,0x0,
278,0,36,22,0x40,0,11,0,1,301,32,"Lordamere Internment Camp",,,,,,,,0x6F001E,0x0,
279,0,36,23,0x40,0,11,0,0,81,30,"Dalaran",,,,,,,,0x6F001E,0x0,
281,0,36,25,0x40,0,11,37,10,301,36,"Ruins of Alterac",,,,,,,,0x6F001E,0x0,
282,0,36,26,0x40,0,11,37,10,0,35,"Crushridge Hold",,,,,,,,0x6F001E,0x0,
283,0,36,27,0x40,0,11,37,10,0,35,"Slaughter Hollow",,,,,,,,0x6F001E,0x0,
284,0,36,28,0x40,0,11,0,1,0,27,"The Uplands",,,,,,,,0x6F001E,0x0,
285,0,267,29,0x40,0,11,0,2,0,21,"Southpoint Tower",,,,,,,,0x6F001E,0x0,
286,0,267,30,0x40,0,11,0,1,0,22,"Hillsbrad Fields",,,,,,,,0x6F001E,0x0,
287,0,267,31,0x40,0,11,0,1,0,0,"Hillsbrad",,,,,,,,0x6F001E,0x0,
288,0,267,32,0x40,0,11,0,0,301,27,"Azurelode Mine",,,,,,,,0xF001E,0x0,
290,0,267,34,0x40,0,11,0,1,0,30,"Dun Garok",,,,,,,,0x6F001E,0x0,
293,0,0,35,0x40,0,11,31,1,0,30,"Thoradin's Wall",,,,,,,,0x6F001E,0x0,
294,0,267,36,0x40,0,11,0,1,0,30,"Eastern Strand",,,,,,,,0x6F001E,0x0,
297,0,33,38,0x40,0,11,0,0,0,50,"Jaguero Isle",,,,,,,,0xF000E,0x0,
298,0,11,39,0x40,0,11,0,3,0,0,"Baradin Bay",,,,,,,,0xF001E,0x0,
299,0,11,40,0x40,0,11,0,0,0,0,"Menethil Bay",,,,,,,,0xF001E,0x0,
300,0,8,41,0x40,0,11,0,0,0,41,"Misty Reed Strand",,,,,,,,0xF000C,0x0,
301,0,33,42,0x40,0,11,0,3,0,0,"The Savage Coast",,,,,,,,0x6F001E,0x0,
303,0,33,43,0x40,0,11,0,0,0,0,"Shell Beach",,,,,,,,0x6F001C,0x0,
309,0,11,47,0x40,0,11,0,0,0,24,"Ironbeard's Tomb",,,,,,,,0x6F001E,0x0,
310,0,33,48,0x40,0,11,0,0,0,41,"Crystalvein Mine",,,,,,,,0x6F001E,0x0,
312,0,33,49,0x40,0,11,0,0,0,0,"Janeiro's Point",,,,,,,,0xF001E,0x0,
314,0,45,50,0x40,0,11,0,0,301,33,"Go'Shek Farm",,,,,,,,0x6F001E,0x0,
316,0,45,51,0x40,0,11,31,0,0,35,"Boulderfist Hall",,,,,,,,0x6F001E,0x0,
318,0,45,52,0x40,0,11,0,0,0,36,"Drywhisker Gorge",,,,,,,,0x6F001E,0x0,
320,0,45,53,0x40,0,11,0,0,123,30,"Refuge Pointe",,,,,,,,0x6F001E,0x0,
324,0,45,56,0x40,0,11,0,186,182,36,"Stromgarde Keep",,,,,,,,0x6F001E,0x0,
325,0,45,57,0x40,0,11,0,0,0,0,"The Tower of Arathor",,,,,,,,0x6F001E,0x0,
326,0,45,58,0x40,0,11,0,0,0,0,"The Sanctum",,,,,,,,0x6F001E,0x0,
327,0,45,59,0x40,0,11,0,3,0,40,"Faldir's Cove",,,,,,,,0x6F001E,0x0,
330,0,0,60,0x40,0,11,44,3,0,0,"Thandol Span",,,,,,,,0x6F001E,0x0,
332,1,0,62,0x40,0,11,0,9,0,0,"The Great Sea UNUSED",,,,,,,,0xF000E,0x0,
334,0,45,64,0x40,0,11,0,0,0,38,"Circle of West Binding",,,,,,,,0x6F001E,0x0,
335,0,45,65,0x40,0,11,0,0,0,38,"Circle of Inner Binding",,,,,,,,0x6F001E,0x0,
337,0,3,67,0x40,0,11,25,7,0,36,"Apocryphan's Rest",,,,,,,,0x6F000E,0x0,
340,0,3,68,0x40,0,11,25,0,0,38,"Kargath",,,,,,,,0x6F001E,0x0,
341,0,3,69,0x40,0,11,25,0,0,36,"Camp Kosh",,,,,,,,0x6F001E,0x0,
342,0,3,70,0x40,0,11,25,0,0,39,"Camp Boff",,,,,,,,0x6F001E,0x0,
343,0,3,71,0x40,0,11,25,0,0,0,"Camp Wurg",,,,,,,,0x6F001E,0x0,
344,0,3,72,0x40,0,11,25,0,0,43,"Camp Cagg",,,,,,,,0x6F001E,0x0,
345,0,3,73,0x40,0,11,25,7,0,0,"Agmond's End",,,,,,,,0x6F001E,0x0,
346,0,3,74,0x40,0,11,25,0,0,36,"Hammertoe's Digsite",,,,,,,,0x6F001E,0x0,
347,0,3,75,0x40,0,11,25,0,0,43,"Dustbelch Grotto",,,,,,,,0x6F001E,0x0,
348,0,47,76,0x40,0,11,0,1,0,41,"Aerie Peak",,,,,,,,0x6F001E,0x0,
349,0,47,77,0x40,0,11,0,1,0,0,"Wildhammer Keep",,,,,,,,0x6F001E,0x0,
351,0,47,79,0x40,0,11,0,1,0,48,"Skulk Rock",,,,,,,,0x6F001E,0x0,
352,0,47,80,0x40,0,11,0,1,0,0,"Zun'watha",,,,,,,,0x6F001E,0x0,
353,0,47,81,0x40,0,11,0,3,0,44,"Shadra'Alor",,,,,,,,0x6F001E,0x0,
356,0,47,82,0x40,0,11,0,76,0,41,"Seradane",,,,,,,,0x6F001E,0x0,
357,1,0,83,0x40,0,11,48,3,0,0,"Feralas",,,,,,,,0xF001E,0x0,
358,1,215,84,0x40,0,11,25,9,0,0,"Brambleblade Ravine",,,,,,,,0xF000E,0x0,
359,1,17,85,0x40,0,11,0,7,0,25,"Bael Modan",,,,,,,,0x6F001E,0x0,
360,1,215,86,0x40,0,11,0,9,0,7,"The Venture Co. Mine",,,,,,,,0x6F001E,0x0,
361,1,0,87,0x40,0,11,48,193,0,0,"Felwood",,,,,,,,0xF000E,0x0,
362,1,14,88,0x40,0,11,0,9,0,5,"Razor Hill",,,,,,,,0x6F001E,0x0,
363,1,14,89,0x40,0,11,0,9,0,0,"Valley of Trials",,,,,,,,0xF000E,0x0,
364,1,14,90,0x40,75,11,0,9,0,0,"The Den",,,,,,,,0xF000E,0x0,
366,1,14,92,0x40,0,11,0,9,0,7,"Kolkar Crag",,,,,,,,0x6F001E,0x0,
367,1,14,93,0x40,0,11,0,185,0,6,"Sen'jin Village",,,,,,,,0x6F001E,0x0,
368,1,14,94,0x40,0,11,32,3,68,7,"Echo Isles",,,,,,,,0x6F001E,0x0,
369,1,14,95,0x40,0,11,0,9,0,9,"Thunder Ridge",,,,,,,,0x6F001E,0x0,
372,1,14,97,0x40,0,11,0,186,301,6,"Tiragarde Keep",,,,,,,,0x6F001E,0x0,
373,1,14,98,0x40,0,11,0,9,0,0,"Scuttle Coast",,,,,,,,0x6F001E,0x0,
374,1,14,99,0x40,0,11,0,9,0,0,"Bladefist Bay",,,,,,,,0x6F001E,0x0,
375,1,14,100,0x40,0,11,0,9,0,0,"Deadeye Shore",,,,,,,,0x6F001E,0x0,
377,1,0,101,0x40,0,11,0,9,0,9,"Southfury River",,,,,,,,0xF001E,0x0,
378,1,17,102,0x40,0,11,0,226,0,10,"Camp Taurajo",,,,,,,,0x6F001E,0x0,
379,1,17,103,0x40,0,11,0,7,0,10,"Far Watch Post",,,,,,,,0x6F001E,0x0,
380,1,17,104,0x40,0,11,0,228,0,15,"The Crossroads",,,,,,,,0xF001E,0x0,
384,1,17,107,0x40,0,11,46,10,0,11,"Dreadmist Peak",,,,,,,,0x6F001E,0x0,
385,1,17,108,0x40,0,11,0,3,301,15,"Northwatch Hold",,,,,,,,0x6F001E,0x0,
386,1,17,109,0x40,0,11,32,3,0,12,"The Forgotten Pools",,,,,,,,0xF001E,0x0,
388,1,17,110,0x40,0,11,32,3,0,15,"The Stagnant Oasis",,,,,,,,0xF001E,0x0,
390,1,17,111,0x40,0,11,0,0,0,20,"Field of Giants",,,,,,,,0x6F001E,0x0,
391,1,17,112,0x40,0,11,32,3,0,12,"The Merchant Coast",,,,,,,,0x6F001E,0x0,
393,1,14,114,0x40,0,11,0,9,0,0,"Darkspear Strand",,,,,,,,0x6F001E,0x0,
394,0,0,115,0x40,0,11,37,0,0,0,"Darrowmere Lake UNUSED",,,,,,,,0xF000E,0x0,
397,1,215,118,0x40,0,11,0,9,0,7,"Thunderhorn Water Well",,,,,,,,0x6F001E,0x0,
1,0,0,119,0x41,0,11,42,8,0,0,"Dun Morogh",,,,,,,,0xF001E,0x2,
2,0,40,120,0x40,0,11,0,9,0,0,"Longshore",,,,,,,,0xF001E,0x0,
3,0,0,121,0x40,0,11,25,7,0,0,"Badlands",,,,,,,,0x6F001E,0x0,
4,0,0,122,0x40,0,11,210,7,0,0,"Blasted Lands",,,,,,,,0xF001E,0x0,
8,0,0,124,0x40,0,11,33,223,0,0,"Swamp of Sorrows",,,,,,,,0xF000E,0x0,
9,0,12,125,0x40,0,11,35,1,0,0,"Northshire Valley",,,,,,,,0xF000E,0x0,
12,0,0,126,0x40,0,11,35,1,0,0,"Elwynn Forest",,,,,,,,0xF001E,0x2,
14,1,0,127,0x40,0,11,25,9,0,0,"Durotar",,,,,,,,0xF001E,0x4,
15,1,0,128,0x40,0,11,33,227,0,0,"Dustwallow Marsh",,,,,,,,0xF001E,0x0,
16,1,0,129,0x40,0,11,31,193,0,0,"Azshara",,,,,,,,0xF000E,0x0,
17,1,0,130,0x40,0,11,38,7,0,0,"The Barrens",,,,,,,,0xF000E,0x4,
18,0,12,131,0x40,0,11,35,1,0,7,"Crystal Lake",,,,,,,,0x6F001E,0x0,
20,0,40,132,0x40,0,11,0,9,0,14,"Moonbrook",,,,,,,,0x6F001E,0x0,
21,0,0,133,0x40,0,11,0,8,0,0,"Kul Tiras",,,,,,,,0x6F001E,0x0,
23,0,12,134,0x40,0,11,35,0,0,0,"Northshire River",,,,,,,,0xF000E,0x0,
24,0,12,135,0x40,73,11,35,1,67,0,"Northshire Abbey",,,,,,,,0xF000E,0x0,
30,0,0,138,0x40,0,11,0,0,0,0,"Nine",,,,,,,,0x6F001E,0x0,
32,0,10,139,0x40,0,11,0,2,0,0,"The Cemetary",,,,,,,,0x6F001E,0x0,
33,0,0,140,0x40,0,11,32,3,0,0,"Stranglethorn Vale",,,,,,,,0xF000E,0x0,
34,0,12,141,0x40,0,11,35,1,0,0,"Echo Ridge Mine",,,,,,,,0xF000E,0x0,
35,0,33,142,0x40,0,11,0,3,0,42,"Booty Bay",,,,,,,,0xF000E,0x0,
36,0,0,143,0x40,0,11,31,1,0,0,"Alterac Mountains",,,,,,,,0xF000E,0x0,
37,0,33,144,0x40,0,11,0,3,0,36,"Lake Nazferiti",,,,,,,,0x6F001E,0x0,
38,0,0,145,0x40,0,11,31,1,0,0,"Loch Modan",,,,,,,,0xF001E,0x2,
40,0,0,146,0x40,0,11,47,9,0,0,"Westfall",,,,,,,,0xF001E,0x2,
42,0,10,147,0x40,0,11,0,2,0,25,"Darkshire",,,,,,,,0x6F001E,0x0,
43,0,33,148,0x40,0,11,0,3,0,42,"Wild Shore",,,,,,,,0xF000E,0x0,
44,0,0,149,0x40,0,11,31,1,0,0,"Redridge Mountains",,,,,,,,0xF001E,0x0,
45,0,0,150,0x40,0,11,30,8,0,0,"Arathi Highlands",,,,,,,,0xF001E,0x0,
46,0,0,151,0x40,0,11,46,10,0,0,"Burning Steppes",,,,,,,,0x6F001E,0x0,
47,0,0,152,0x40,0,11,31,1,0,0,"The Hinterlands",,,,,,,,0xF001E,0x0,
49,0,22,153,0x40,0,11,0,0,0,0,"Dead Man's Hole",,,,,,,,0x6F001E,0x0,
51,0,0,154,0x40,0,11,46,10,0,0,"Searing Gorge",,,,,,,,0xF000E,0x0,
53,0,12,155,0x40,0,11,35,1,0,0,"Thieves Camp",,,,,,,,0x6F001E,0x0,
55,0,12,156,0x40,0,11,35,17,0,0,"Valley of Heroes UNUSED",,,,,,,,0xF000E,0x0,
56,0,12,157,0x40,0,11,35,1,303,0,"Heroes' Vigil",,,,,,,,0xF001E,0x0,
57,0,12,158,0x40,0,11,35,1,0,5,"Fargodeep Mine",,,,,,,,0xF001E,0x0,
59,0,12,159,0x40,0,11,35,1,0,0,"Northshire Vineyards",,,,,,,,0xF000E,0x0,
383,1,17,106,0x40,0,11,0,0,0,14,"The Dry Hills",,,,,,,,0x6F001E,0x0,
392,1,17,113,0x40,0,11,0,3,0,15,"Ratchet",,,,,,,,0x6F001E,0x0,
64,0,12,163,0x40,0,11,35,1,0,6,"The Maclure Vineyards",,,,,,,,0xF001E,0x0,
77,0,1,174,0x40,0,11,0,8,0,0,"Anvilmar",,,,,,,,0xF000E,0x0,
130,0,0,210,0x40,0,11,28,2,0,0,"Silverpine Forest",,,,,,,,0xF000E,0x4,
139,0,0,219,0x40,0,11,37,205,0,0,"Eastern Plaguelands",,,,,,,,0x6F001E,0x0,
148,1,0,227,0x40,0,11,28,191,0,0,"Darkshore",,,,,,,,0xF001E,0x2,
211,0,1,268,0x40,0,11,0,8,0,7,"Iceflow Lake",,,,,,,,0x6F001E,0x0,
223,1,215,276,0x40,0,11,0,9,0,0,"Stonebull Lake",,,,,,,,0x6F001E,0x0,
232,0,130,284,0x40,0,11,0,2,0,0,"The Dawning Isles",,,,,,,,0x6F001E,0x0,
244,0,10,292,0x40,0,11,0,2,0,0,"The Whipple Estate",,,,,,,,0x6F001E,0x0,
439,1,400,471,0x40,0,11,39,0,0,35,"The Shimmering Flats",,,,,,,,0xF001E,0x0,
450,1,148,482,0x40,0,11,0,0,0,19,"Remtravel's Excavation",,,,,,,,0x6F001E,0x0,
25,0,0,136,0x0,0,11,46,10,0,0,"Blackrock Mountain",,,,,,,,0xF000E,0x0,
28,0,0,137,0x40,0,11,37,205,0,0,"Western Plaguelands",,,,,,,,0x6F001E,0x0,
62,0,12,161,0x40,0,11,35,1,0,8,"Brackwell Pumpkin Patch",,,,,,,,0xF001E,0x0,
83,451,22,177,0x40,0,11,0,0,0,0,"Jeff SE Quadrant",,,,,,,,0x6F001E,0x0,
84,451,22,178,0x40,0,11,0,0,0,0,"Jeff SW Quadrant",,,,,,,,0x6F001E,0x0,
996,0,44,408,0x40,0,0,0,0,0,22,"Render's Camp",,,,,,,,0xF000E,0x0,
997,0,44,409,0x40,0,0,0,0,0,20,"Render's Valley",,,,,,,,0xF000E,0x0,
998,0,44,410,0x40,0,0,0,0,0,25,"Render's Rock",,,,,,,,0xF000E,0x0,
999,0,44,411,0x40,0,0,0,0,0,0,"Stonewatch Tower",,,,,,,,0xF001E,0x0,
1000,0,44,412,0x40,0,0,0,0,0,22,"Galardell Valley",,,,,,,,0xF000E,0x0,
1120,1,357,413,0x40,0,0,0,0,0,43,"Sardor Isle",,,,,,,,0xF001E,0x0,
1121,1,357,414,0x40,0,0,0,0,0,44,"Isle of Dread",,,,,,,,0xF001E,0x0,
1221,1,16,416,0x40,0,0,0,176,0,48,"Ruins of Eldarath ",,,,,,,,0xF000E,0x0,
1222,1,16,417,0x40,0,0,0,176,0,0,"Hetaera's Clutch",,,,,,,,0xF000E,0x0,
1223,1,16,418,0x40,0,0,0,15,0,0,"Temple of Zin-Malor",,,,,,,,0xF000E,0x0,
1224,1,16,419,0x40,0,0,0,0,0,0,"Bear's Head",,,,,,,,0xF000E,0x0,
1225,1,16,420,0x40,0,0,0,0,0,49,"Ursolan",,,,,,,,0xF001E,0x0,
1226,1,16,421,0x40,0,0,0,176,0,55,"Temple of Arkkoran",,,,,,,,0xF000E,0x0,
1227,1,16,422,0x40,0,0,0,176,0,50,"Bay of Storms",,,,,,,,0xF001E,0x0,
1229,1,16,424,0x40,0,0,0,176,0,53,"Tower of Eldara",,,,,,,,0xF000E,0x0,
1231,1,16,426,0x40,0,0,0,176,0,52,"Southridge Beach",,,,,,,,0xF000E,0x0,
1232,1,16,427,0x40,0,0,0,176,0,54,"Ravencrest Monument",,,,,,,,0xF000E,0x0,
1233,1,16,428,0x40,0,0,0,215,301,49,"Forlorn Ridge",,,,,,,,0xF000E,0x0,
1234,1,16,429,0x40,0,0,0,0,0,52,"Lake Mennar",,,,,,,,0xF001E,0x0,
1235,1,16,430,0x40,0,0,0,15,0,46,"Shadowsong Shrine",,,,,,,,0xF001E,0x0,
1236,1,16,431,0x40,0,0,0,3,121,45,"Haldarr Encampment",,,,,,,,0xF000E,0x0,
1237,1,16,432,0x40,0,0,0,0,0,49,"Valormok",,,,,,,,0xF001E,0x0,
1256,1,16,433,0x40,0,0,0,176,0,42,"The Ruined Reaches",,,,,,,,0xF000E,0x0,
1277,1,406,435,0x40,0,0,0,0,0,0,"The Talondeep Path",,,,,,,,0xF001E,0x0,
1316,1,17,436,0x40,0,0,70,176,0,33,"Razorfen Downs",,,,,,,,0xF000E,0x0,
1337,70,0,437,0x0,0,0,0,0,0,0,"Uldaman",,,,,,,,0xF001E,0x0,
1338,0,130,438,0x40,0,0,0,0,0,0,"Lordamere Lake",,,,,,,,0xF001E,0x0,
1339,0,36,439,0x40,0,0,0,0,0,0,"Lordamere Lake",,,,,,,,0xF001E,0x0,
98,0,44,188,0x40,0,11,0,1,0,17,"Rethban Caverns",,,,,,,,0x6F001E,0x0,
109,0,40,197,0x40,0,11,0,9,0,15,"Furlbrow's Pumpkin Farm",,,,,,,,0x6F001E,0x0,
131,0,1,211,0x40,0,11,0,8,0,5,"Kharanos",,,,,,,,0x6F001E,0x0,
138,0,1,218,0x40,0,11,0,8,0,7,"Misty Pine Refuge",,,,,,,,0x6F001E,0x0,
149,0,38,228,0x40,0,11,0,1,0,12,"Silver Stream Mine",,,,,,,,0x6F001E,0x0,
163,0,85,240,0x40,0,11,0,2,0,0,"Gunther's Retreat",,,,,,,,0x6F001E,0x0,
192,0,28,251,0x40,0,11,0,0,0,55,"Northridge Lumber Camp",,,,,,,,0x6F001E,0x0,
204,0,130,261,0x40,0,11,0,191,301,15,"Pyrewood Village",,,,,,,,0x6F001E,0x0,
221,1,215,274,0x40,0,11,0,9,0,0,"Camp Narache",,,,,,,,0xF000E,0x0,
236,0,130,286,0x40,0,11,28,2,0,16,"Shadowfang Keep",,,,,,,,0xF000E,0x0,
699,1,141,301,0x40,0,11,48,76,0,0,"Temple of Elune UNUSED",,,,,,,,0xF000E,0x0,
400,1,0,442,0x40,0,11,25,9,0,0,"Thousand Needles",,,,,,,,0xF000E,0x0,
413,1,331,452,0x40,0,11,0,0,0,19,"Maestra's Post",,,,,,,,0x6F001E,0x0,
424,1,331,462,0x40,0,11,0,0,0,22,"Iris Lake",,,,,,,,0x6F001E,0x0,
436,1,331,469,0x40,0,11,49,193,0,0,"Demon Fall Ridge",,,,,,,,0x6F001C,0x0,
449,1,148,481,0x40,0,11,0,0,0,16,"The Master's Glaive",,,,,,,,0x6F001E,0x0,
468,1,406,494,0x40,0,11,29,11,0,0,"The Talon Den",,,,,,,,0x6F001E,0x0,
480,1,400,505,0x40,0,11,0,9,0,30,"Camp E'thok",,,,,,,,0x6F001E,0x0,
398,1,215,441,0x40,0,11,0,9,0,8,"Wildmane Water Well",,,,,,,,0xF001E,0x0,
401,1,17,443,0x40,0,11,32,3,0,0,"The Tidus Stair",,,,,,,,0xF000E,0x0,
404,1,215,444,0x40,0,11,0,9,102,8,"Bael'dun Digsite",,,,,,,,0xF000E,0x0,
405,1,0,445,0x40,0,11,39,7,0,0,"Desolace",,,,,,,,0x6F001E,0x0,
406,1,0,446,0x40,0,11,25,7,0,0,"Stonetalon Mountains",,,,,,,,0xF000E,0x0,
407,1,14,447,0x40,0,11,0,14,62,10,"Orgrimmar UNUSED",,,,,,,,0xF000E,0x0,
409,0,0,449,0x40,0,11,32,0,0,0,"Island of Doctor Lapidis",,,,,,,,0x6F001E,0x0,
410,1,14,450,0x40,0,11,0,9,0,8,"Razorwind Canyon",,,,,,,,0x6F001E,0x0,
414,1,331,453,0x40,0,11,0,176,0,20,"The Zoram Strand",,,,,,,,0x6F001E,0x0,
415,1,331,454,0x40,0,11,0,11,81,20,"Astranaar",,,,,,,,0x6F001E,0x0,
416,1,331,455,0x40,0,11,0,199,0,23,"The Shrine of Aessina",,,,,,,,0x6F001E,0x0,
417,1,331,456,0x40,0,11,28,193,0,25,"Fire Scar Shrine",,,,,,,,0x6F001E,0x0,
418,1,331,457,0x40,0,11,0,0,0,23,"The Ruins of Stardust",,,,,,,,0x6F001E,0x0,
419,1,331,458,0x40,0,11,0,204,0,28,"The Howling Vale",,,,,,,,0x6F001E,0x0,
420,1,331,459,0x40,0,11,0,0,81,0,"Silverwind Refuge",,,,,,,,0x6F001E,0x0,
421,1,331,460,0x40,0,11,0,0,0,25,"Mystral Lake",,,,,,,,0x6F001E,0x0,
422,1,331,461,0x40,0,11,0,0,0,26,"Fallen Sky Lake",,,,,,,,0x6F001E,0x0,
426,1,331,463,0x40,0,11,0,0,0,24,"Raynewood Retreat",,,,,,,,0x6F001E,0x0,
427,1,331,464,0x40,0,11,0,11,0,0,"The Shady Nook",,,,,,,,0x6F000C,0x0,
430,1,331,465,0x40,0,11,0,3,121,28,"Satyrnaar",,,,,,,,0x6F001E,0x0,
432,1,331,466,0x40,0,11,0,193,0,30,"The Dor'Danil Barrow Den",,,,,,,,0xF001E,0x0,
433,1,331,467,0x40,0,11,0,0,0,0,"Falfarren River",,,,,,,,0x6F001E,0x0,
196,0,28,578,0x40,0,11,0,15,0,0,"Uther's Tomb",,,,,,,,0x6F001E,0x0,
250,0,46,579,0x40,0,11,0,0,0,54,"Ruins of Thaurissan",,,,,,,,0xF000E,0x0,
268,37,0,580,0x40,0,11,42,0,0,0,"Plains of Snow",,,,,,,,0x6F001E,0x0,
322,0,45,581,0x40,0,11,0,8,0,0,"Blackwater Shipwrecks",,,,,,,,0x6F001E,0x0,
387,1,17,582,0x40,0,11,32,3,0,12,"Lushwater Oasis",,,,,,,,0xF001E,0x0,
453,1,148,583,0x40,0,11,0,0,0,0,"The Long Wash",,,,,,,,0xF001E,0x0,
102,0,33,586,0x40,0,11,0,3,0,41,"Ruins of Zul'Kunda",,,,,,,,0x6F001E,0x0,
238,0,130,587,0x40,0,11,0,2,0,0,"Malden's Orchard",,,,,,,,0x6F001E,0x0,
239,0,130,588,0x40,0,11,0,2,0,11,"The Ivar Patch",,,,,,,,0x6F001E,0x0,
311,0,33,589,0x40,0,11,0,0,0,44,"Ruins of Aboraz",,,,,,,,0xF000E,0x0,
315,0,45,590,0x40,0,11,0,0,301,31,"Dabyrie's Farmstead",,,,,,,,0x6F001E,0x0,
354,0,47,591,0x40,0,11,0,227,0,45,"Jintha'Alor",,,,,,,,0x6F000E,0x0,
596,1,405,593,0x40,0,11,0,7,0,35,"Kodo Graveyard",,,,,,,,0x6F001E,0x0,
597,1,405,594,0x40,0,11,0,226,0,0,"Ghost Walker Post",,,,,,,,0x6F001E,0x0,
598,1,405,595,0x40,0,11,31,227,0,0,"Sar'theris Strand",,,,,,,,0x6F001E,0x0,
600,1,405,597,0x40,0,11,0,7,0,0,"Bolgan's Hole",,,,,,,,0x6F001C,0x0,
609,1,405,598,0x40,0,11,0,7,0,32,"Kolkar Village",,,,,,,,0x6F001E,0x0,
602,1,405,599,0x40,0,11,0,193,0,39,"Mannoroc Coven",,,,,,,,0x6F001E,0x0,
603,1,405,600,0x40,0,11,0,9,0,31,"Sargeron",,,,,,,,0x6F001E,0x0,
604,1,405,601,0x40,0,11,0,7,0,36,"Magram Village",,,,,,,,0x6F001E,0x0,
26,0,40,602,0x40,0,11,0,7,0,0,"Lighthouse",,,,,,,,0xF001E,0x0,
607,1,405,604,0x40,0,11,0,7,0,37,"Valley of Spears",,,,,,,,0x6F001E,0x0,
60,0,12,606,0x40,0,11,35,1,0,8,"Forest's Edge",,,,,,,,0xF001E,0x0,
235,0,130,608,0x40,0,11,0,219,0,0,"Fenris Keep",,,,,,,,0x6F001E,0x0,
317,0,45,609,0x40,0,11,0,3,0,33,"Witherbark Village",,,,,,,,0x6F001E,0x0,
399,1,215,610,0x40,0,11,0,9,0,6,"Skyline Ridge",,,,,,,,0x6F001C,0x0,
429,1,331,611,0x40,0,11,0,3,121,0,"Xavian",,,,,,,,0x6F001E,0x0,
437,1,331,612,0x40,0,11,0,221,0,22,"Warsong Lumber Camp",,,,,,,,0xF000E,0x0,
467,1,406,613,0x40,0,11,29,11,201,25,"Stonetalon Peak",,,,,,,,0x6F001E,0x0,
501,1,15,614,0x40,0,11,0,3,0,0,"Beezil's Wreck",,,,,,,,0x6F000E,0x0,
10,0,0,617,0x40,0,11,40,2,0,0,"Duskwood",,,,,,,,0x6F001E,0x0,
11,0,0,618,0x40,0,11,44,227,0,0,"Wetlands",,,,,,,,0xF000E,0x0,
616,1,0,619,0x40,0,11,31,0,0,0,"Hyjal",,,,,,,,0x6F001E,0x0,
173,0,85,620,0x40,0,11,0,2,0,0,"Faol's Rest",,,,,,,,0x6F001E,0x0,
618,1,0,621,0x41,0,11,42,8,0,0,"Winterspring",,,,,,,,0x6F001E,0x0,
186,1,141,622,0x40,0,11,0,11,0,5,"Dolanaar",,,,,,,,0x6F001E,0x0,
500,1,15,623,0x40,0,11,0,0,0,0,"Moggle Point",,,,,,,,0x6F000C,0x0,
502,1,15,624,0x40,0,11,0,0,0,36,"Witch Hill",,,,,,,,0x6F001E,0x0,
412,1,331,625,0x40,0,11,0,204,0,0,"The Ruins of Ordil'Aran",,,,,,,,0x6F001E,0x0,
636,1,406,626,0x40,0,11,0,7,0,0,"Blackwolf River",,,,,,,,0xF001E,0x0,
71,0,44,627,0x40,0,11,0,1,0,20,"Stonewatch Falls",,,,,,,,0x6F001E,0x0,
117,0,33,629,0x40,0,11,0,228,0,35,"Grom'gol Base Camp",,,,,,,,0x6F001E,0x0,
254,0,46,630,0x40,0,11,0,10,0,0,"Blackrock Mountain",,,,,,,,0xF000E,0x0,
308,0,0,631,0x40,0,11,0,1,0,0,"The Forbidding Sea",,,,,,,,0xF000E,0x0,
338,0,3,633,0x40,0,11,25,7,0,39,"Angor Fortress",,,,,,,,0x6F001E,0x0,
435,1,331,468,0x40,0,11,49,193,0,0,"Demon Fall Canyon",,,,,,,,0x6F001C,0x0,
438,1,331,470,0x40,0,11,0,199,0,20,"Bough Shadow",,,,,,,,0x6F001E,0x0,
440,1,0,472,0x40,0,11,39,176,0,0,"Tanaris",,,,,,,,0x6F001E,0x0,
441,1,331,473,0x40,0,11,48,0,0,20,"Lake Falathim",,,,,,,,0x6F001E,0x0,
442,1,148,474,0x40,0,11,0,0,81,12,"Auberdine",,,,,,,,0xF001E,0x0,
443,1,148,475,0x40,0,11,0,176,0,19,"Ruins of Mathystra",,,,,,,,0x6F001E,0x0,
444,1,148,476,0x40,0,11,0,0,0,16,"Tower of Althalaxx",,,,,,,,0x6F001E,0x0,
445,1,148,477,0x40,0,11,0,0,0,14,"Cliffspring Falls",,,,,,,,0x6F001E,0x0,
446,1,148,478,0x40,0,11,0,0,0,11,"Bashal'Aran",,,,,,,,0x6F001E,0x0,
447,1,148,479,0x40,0,11,0,15,0,11,"Ameth'Aran",,,,,,,,0x6F001E,0x0,
448,1,148,480,0x40,0,11,0,0,302,15,"Grove of the Ancients",,,,,,,,0x6F001E,0x0,
452,1,148,483,0x40,0,11,0,0,0,0,"Mist's Edge",,,,,,,,0xF001E,0x0,
454,1,148,484,0x40,0,11,0,0,0,0,"Wildbend River",,,,,,,,0x6F001E,0x0,
455,1,148,485,0x40,0,11,0,0,0,0,"Blackwood Den",,,,,,,,0x6F001E,0x0,
456,1,148,486,0x40,0,11,0,0,0,14,"Cliffspring River",,,,,,,,0x6F001E,0x0,
458,1,17,487,0x40,0,11,0,7,0,0,"Gold Road",,,,,,,,0x6F001E,0x0,
460,1,406,488,0x40,0,11,0,228,0,20,"Sun Rock Retreat",,,,,,,,0x6F001E,0x0,
461,1,406,489,0x40,0,11,0,7,0,20,"Windshear Crag",,,,,,,,0x6F001E,0x0,
463,1,406,490,0x40,0,11,0,7,0,20,"Cragpool Lake",,,,,,,,0xF001E,0x0,
464,1,406,491,0x40,0,11,0,7,0,21,"Mirkfallon Lake",,,,,,,,0x6F001E,0x0,
465,1,406,492,0x40,0,11,0,7,0,25,"The Charred Vale",,,,,,,,0x6F001E,0x0,
469,1,406,495,0x40,0,11,0,7,0,18,"Greatwood Vale",,,,,,,,0x6F001E,0x0,
470,1,215,496,0x40,0,11,45,9,0,10,"Thunder Bluff UNUSED",,,,,,,,0xF000E,0x0,
471,1,215,497,0x40,0,11,0,9,0,0,"Brave Wind Mesa",,,,,,,,0x6F001C,0x0,
472,1,215,498,0x40,0,11,0,9,0,0,"Fire Stone Mesa",,,,,,,,0x6F001E,0x0,
474,1,215,499,0x40,0,11,0,9,0,0,"Hunter Rise UNUSED",,,,,,,,0xF000E,0x0,
476,1,215,501,0x40,0,11,0,9,0,0,"Elder RiseUNUSED",,,,,,,,0xF000E,0x0,
477,0,33,502,0x40,0,11,0,3,0,43,"Ruins of Jubuwal",,,,,,,,0xF000E,0x0,
478,1,141,503,0x40,0,11,0,11,0,8,"Pools of Arlithrien",,,,,,,,0x6F001E,0x0,
479,1,400,504,0x40,0,11,0,9,0,0,"The Rustmaul Dig Site",,,,,,,,0xF001E,0x0,
482,1,400,506,0x40,0,11,0,9,0,29,"Highperch",,,,,,,,0x6F001E,0x0,
483,1,400,507,0x40,0,11,0,9,0,30,"The Screeching Canyon",,,,,,,,0x6F001E,0x0,
485,1,400,509,0x40,0,11,0,9,0,25,"The Great Lift",,,,,,,,0x6F001E,0x0,
486,1,400,510,0x40,0,11,0,9,0,0,"Galak Hold",,,,,,,,0x6F001E,0x0,
487,1,400,511,0x40,0,11,0,9,0,0,"Roguefeather Den",,,,,,,,0x6F001E,0x0,
489,1,357,513,0x40,0,11,0,0,0,0,"Thalanaar",,,,,,,,0x6F001E,0x0,
490,1,0,514,0x40,0,11,33,223,0,0,"Un'Goro Crater",,,,,,,,0xF000E,0x0,
492,0,10,516,0x40,0,11,0,15,0,26,"Raven Hill Cemetery",,,,,,,,0x6F001E,0x0,
493,1,0,517,0x40,0,11,48,0,0,0,"Moonglade",,,,,,,,0x6F001E,0x0,
496,1,15,518,0x40,0,11,0,214,0,36,"Brackenwall Village",,,,,,,,0x6F001E,0x0,
495,0,0,519,0x40,0,11,0,11,0,0,"DELETE ME",,,,,,,,0xF001C,0x0,
497,1,15,520,0x40,0,11,0,0,0,0,"Swamplight Manor",,,,,,,,0x6F001E,0x0,
498,1,15,521,0x40,0,11,0,0,0,0,"Bloodfen Burrow",,,,,,,,0x6F001E,0x0,
499,1,15,522,0x40,0,11,0,0,0,0,"Darkmist Cavern",,,,,,,,0x6F001E,0x0,
504,1,15,523,0x40,0,11,0,191,0,0,"North Point Tower",,,,,,,,0x6F001E,0x0,
505,1,15,524,0x40,0,11,0,0,0,0,"West Point Tower",,,,,,,,0x6F001E,0x0,
507,1,15,526,0x40,0,11,0,0,0,0,"Bluefen",,,,,,,,0x6F001E,0x0,
508,1,15,527,0x40,0,11,0,0,0,0,"Stonemaul Ruins",,,,,,,,0x6F001E,0x0,
509,1,15,528,0x40,0,11,0,0,0,38,"The Den of Flame",,,,,,,,0x6F001E,0x0,
511,1,15,529,0x40,0,11,0,0,0,43,"Wyrmbog",,,,,,,,0x6F001E,0x0,
512,1,15,530,0x40,0,11,0,0,0,0,"Onyxia's Lair UNUSED",,,,,,,,0xF000E,0x0,
513,1,15,531,0x40,0,11,43,1,0,36,"Theramore Isle",,,,,,,,0x6F001E,0x0,
514,1,15,532,0x40,0,11,0,0,0,0,"Foothold Citadel",,,,,,,,0x6F001E,0x0,
517,1,15,535,0x40,0,11,0,0,0,0,"Tidefury Cove",,,,,,,,0x6F001E,0x0,
518,1,15,536,0x40,0,11,0,0,0,0,"Dreadmurk Shore",,,,,,,,0x6F001E,0x0,
536,0,10,537,0x40,0,11,0,2,0,24,"Addle's Stead",,,,,,,,0x6F001E,0x0,
537,1,490,538,0x40,0,11,0,0,0,55,"Fire Plume Ridge",,,,,,,,0x6F001E,0x0,
538,1,490,539,0x40,0,11,0,0,0,0,"Lakkari Tar Pits",,,,,,,,0xF000E,0x0,
539,1,490,540,0x40,0,11,0,0,0,53,"Terror Run",,,,,,,,0x6F000E,0x0,
541,1,490,542,0x40,0,11,0,0,0,0,"Marshal's Refuge",,,,,,,,0x6F001E,0x0,
542,1,490,543,0x40,0,11,0,0,0,0,"Fungal Rock",,,,,,,,0x6F001E,0x0,
556,0,38,545,0x40,0,11,0,1,0,12,"The Loch",,,,,,,,0x6F001E,0x0,
576,0,10,546,0x40,0,11,0,2,0,0,"Beggar's Haunt",,,,,,,,0x6F001E,0x0,
22,451,0,547,0x40,0,11,38,2,0,0,"Programmer Isle",,,,,,,,0x6F001E,0x0,
87,0,12,548,0x40,0,11,35,1,0,5,"Goldshire",,,,,,,,0x6F001E,0x0,
425,1,331,549,0x40,0,11,0,199,71,0,"Moonwell",,,,,,,,0x6F001E,0x0,
226,0,130,551,0x40,0,11,0,0,0,11,"The Skittering Dark",,,,,,,,0x6F001E,0x0,
382,1,17,552,0x40,0,11,0,3,0,15,"The Sludge Fen",,,,,,,,0x6F001E,0x0,
473,1,215,554,0x40,0,11,0,9,0,0,"Mantle Rock",,,,,,,,0x6F001C,0x0,
13,0,10,555,0x40,0,11,48,11,0,0,"The World Tree",,,,,,,,0x6F001E,0x0,
41,0,0,556,0x40,0,11,49,2,0,0,"Deadwind Pass",,,,,,,,0x6F001E,0x0,
92,0,12,558,0x40,0,11,35,1,0,0,"Mirror Lake",,,,,,,,0x6F001E,0x0,
151,451,0,560,0x40,0,11,47,226,0,0,"Designer Island",,,,,,,,0x6F001E,0x0,
188,1,141,561,0x40,0,11,0,11,0,0,"Shadowglen",,,,,,,,0xF000E,0x0,
220,1,215,562,0x40,0,11,0,9,0,0,"Red Cloud Mesa",,,,,,,,0x6F001E,0x0,
245,0,10,563,0x40,0,11,0,2,0,25,"The Yorgen Farmstead",,,,,,,,0x6F001E,0x0,
276,0,0,564,0x40,0,11,31,0,0,0,"Stonewrought Pass",,,,,,,,0x6F001E,0x0,
302,0,33,565,0x40,0,11,0,0,0,0,"The Crystal Shore",,,,,,,,0xF000E,0x0,
371,1,14,567,0x40,0,11,0,9,0,0,"Dustwind Cave",,,,,,,,0x6F001E,0x0,
403,1,15,568,0x40,0,11,0,0,0,0,"Shady Rest Inn",,,,,,,,0x6F001E,0x0,
428,1,331,569,0x40,0,11,0,3,121,25,"Night Run",,,,,,,,0x6F001E,0x0,
434,1,331,570,0x40,0,11,48,11,0,29,"Felfire Hill",,,,,,,,0x6F001E,0x0,
457,1,0,571,0x40,0,11,24,200,201,0,"The Veiled Sea",,,,,,,,0xF001E,0x0,
481,1,400,572,0x40,0,11,0,9,0,24,"Splithoof Crag",,,,,,,,0xF001E,0x0,
503,1,15,573,0x40,0,11,0,191,0,0,"Sentry Point",,,,,,,,0x6F001E,0x0,
19,0,33,574,0x40,0,11,0,3,0,40,"Zul'Gurub",,,,,,,,0x30002,0x0,
113,0,40,576,0x40,0,11,0,9,0,15,"Gold Coast Quarry",,,,,,,,0x6F001E,0x0,
169,0,85,577,0x40,0,11,0,0,0,0,"Whispering Shore",,,,,,,,0x6F001E,0x0,
214,0,0,271,0x40,0,11,0,9,0,0,"The Great Sea",,,,,,,,0xF001E,0x0,
215,1,0,272,0x40,0,11,30,9,0,0,"Mulgore",,,,,,,,0xF001E,0x4,
219,0,40,273,0x40,0,11,0,9,0,15,"Alexston Farmstead",,,,,,,,0x6F001E,0x0,
222,1,215,275,0x40,0,11,0,226,0,5,"Bloodhoof Village",,,,,,,,0x6F001E,0x0,
224,1,215,277,0x40,0,11,0,9,0,7,"Ravaged Caravan",,,,,,,,0x6F001E,0x0,
225,1,215,278,0x40,0,11,0,9,0,9,"Red Rocks",,,,,,,,0xF001E,0x0,
227,0,130,279,0x40,0,11,0,2,0,11,"Valgan's Field",,,,,,,,0x6F001E,0x0,
228,0,130,280,0x40,0,11,0,15,0,10,"The Sepulcher",,,,,,,,0x6F001E,0x0,
229,0,130,281,0x40,0,11,0,0,161,12,"Olsen's Farthing",,,,,,,,0x6F001E,0x0,
230,0,130,282,0x40,0,11,0,0,0,18,"The Greymane Wall",,,,,,,,0x6F001E,0x0,
231,0,130,283,0x40,0,11,0,191,0,20,"Beren's Peril",,,,,,,,0x6F001E,0x0,
233,0,130,285,0x40,0,11,0,191,301,15,"Ambermill",,,,,,,,0x6F001E,0x0,
237,0,130,287,0x40,0,11,0,2,0,16,"The Decrepit Ferry",,,,,,,,0x6F001E,0x0,
240,0,130,288,0x40,0,11,0,2,0,12,"The Dead Field",,,,,,,,0x6F001E,0x0,
241,0,10,289,0x40,0,11,0,2,0,26,"The Rotting Orchard",,,,,,,,0x6F001E,0x0,
242,0,10,290,0x40,0,11,0,2,0,28,"Brightwood Grove",,,,,,,,0x6F001E,0x0,
243,0,10,291,0x40,0,11,0,2,0,0,"Forlorn Rowe",,,,,,,,0x6F001E,0x0,
246,0,51,293,0x40,0,11,0,10,0,48,"The Cauldron",,,,,,,,0x6F001E,0x0,
247,0,51,294,0x40,0,11,0,0,0,45,"Grimesilt Dig Site",,,,,,,,0x6F001E,0x0,
656,1,493,295,0x40,0,11,0,0,0,15,"Lake Elune'ara",,,,,,,,0xF001E,0x0,
657,0,8,296,0x40,0,11,0,0,0,37,"The Harborage",,,,,,,,0xF001E,0x0,
697,1,141,299,0x40,0,11,48,76,0,0,"Tradesmen's Terrace UNUSED",,,,,,,,0xF000E,0x0,
698,1,141,300,0x40,0,11,48,76,0,0,"The Temple Gardens UNUSED",,,,,,,,0xF000E,0x0,
702,1,141,304,0x40,0,11,0,0,0,11,"Rut'theran Village",,,,,,,,0xF001E,0x0,
721,90,0,305,0x0,0,11,42,0,0,0,"Gnomeregan",,,,,,,,0xF001E,0x2,
838,0,38,306,0x40,0,11,0,0,0,0,"North Gate Pass",,,,,,,,0xF001E,0x0,
839,0,38,307,0x40,0,11,0,0,0,0,"South Gate Pass",,,,,,,,0xF001E,0x0,
921,0,40,310,0x40,0,11,0,0,0,16,"Demont's Place",,,,,,,,0xF000E,0x0,
922,0,40,311,0x40,0,11,0,0,0,18,"The Dust Plains",,,,,,,,0xF001E,0x0,
924,0,38,313,0x40,0,11,0,0,0,11,"Valley of Kings",,,,,,,,0xF001E,0x0,
925,0,38,314,0x40,0,11,0,0,0,12,"Algaz Station",,,,,,,,0xF001E,0x0,
926,0,130,315,0x40,0,11,0,0,0,0,"Bucklebree Farm",,,,,,,,0xF000C,0x0,
927,0,130,316,0x40,0,11,0,0,0,14,"The Shining Strand",,,,,,,,0xF000C,0x0,
936,0,38,318,0x40,0,11,0,0,0,12,"Grizzlepaw Ridge",,,,,,,,0xF001E,0x0,
956,169,0,319,0x40,0,11,0,0,0,0,"The Verdant Fields",,,,,,,,0xF001E,0x0,
978,1,440,321,0x40,0,0,25,176,0,45,"Zul'Farrak",,,,,,,,0xF001E,0x0,
979,1,440,322,0x40,0,0,0,0,0,44,"Sandsorrow Watch",,,,,,,,0xF001E,0x0,
980,1,440,323,0x40,0,0,0,0,0,49,"Thistleshrub Valley",,,,,,,,0xF001E,0x0,
982,1,440,325,0x40,0,0,0,0,0,48,"The Noxious Lair",,,,,,,,0xF001E,0x0,
983,1,440,326,0x40,0,0,0,0,0,47,"Dunemaul Compound",,,,,,,,0xF001E,0x0,
985,1,440,328,0x40,0,0,0,0,0,44,"Waterspring Field",,,,,,,,0xF001E,0x0,
987,1,440,330,0x40,0,0,0,0,0,48,"Land's End Beach",,,,,,,,0xF001C,0x0,
988,1,440,331,0x40,0,0,0,0,0,0,"Wavestrider Beach",,,,,,,,0xF001E,0x0,
989,1,440,332,0x40,0,0,0,0,0,0,"Uldum",,,,,,,,0xF001E,0x0,
992,1,440,335,0x40,0,0,0,0,0,47,"Southmoon Ruins",,,,,,,,0xF001E,0x0,
1001,0,44,336,0x40,0,0,0,0,0,16,"Lakeridge Highway",,,,,,,,0xF001E,0x0,
1016,0,11,338,0x40,0,0,0,0,0,28,"Direforge Hill",,,,,,,,0xF000E,0x0,
1017,0,11,339,0x40,0,0,0,0,0,30,"Raptor Ridge",,,,,,,,0xF000E,0x0,
1018,0,11,340,0x40,0,0,0,0,0,25,"Black Channel Marsh",,,,,,,,0xF000E,0x0,
1020,0,11,342,0x40,0,0,0,0,0,22,"Mosshide Fen",,,,,,,,0xF001E,0x0,
1022,0,11,344,0x40,0,0,0,0,0,24,"Bluegill Marsh",,,,,,,,0xF001E,0x0,
1023,0,11,345,0x40,0,0,0,0,0,25,"Saltspray Glen",,,,,,,,0xF001E,0x0,
1024,0,11,346,0x40,0,0,0,0,0,20,"Sundown Marsh",,,,,,,,0xF001E,0x0,
1025,0,11,347,0x40,0,0,0,0,0,21,"The Green Belt",,,,,,,,0xF001E,0x0,
1057,0,267,349,0x40,0,0,0,0,0,0,"Thoradin's Wall",,,,,,,,0xF001E,0x0,
1102,1,357,350,0x40,0,0,0,0,0,0,"Wildwind Lake",,,,,,,,0xF001E,0x0,
1098,0,10,352,0x40,0,0,0,0,0,30,"Manor Mistmantle",,,,,,,,0xF001C,0x0,
1099,1,357,353,0x40,0,0,0,226,0,42,"Camp Mojache",,,,,,,,0xF001E,0x0,
1105,1,357,354,0x40,0,0,0,0,0,44,"Feral Scar Vale",,,,,,,,0xF001E,0x0,
1115,1,357,357,0x40,0,0,0,0,0,0,"Rage Scar Hold",,,,,,,,0xF000E,0x0,
1116,1,357,358,0x40,0,0,0,0,0,0,"Feathermoon Stronghold",,,,,,,,0xF001E,0x0,
1156,1,17,362,0x40,0,0,0,0,0,0,"Southern Barrens",,,,,,,,0xF001E,0x0,
1196,1,0,363,0x40,0,0,0,0,0,0,"UNUSEDAlcaz Island",,,,,,,,0xF000E,0x0,
1216,1,16,364,0x40,0,0,0,0,0,49,"Timbermaw Hold",,,,,,,,0xF000E,0x0,
1217,1,16,365,0x40,0,0,0,0,0,0,"Vanndir Encampment",,,,,,,,0xF000E,0x0,
1218,1,16,366,0x40,0,0,0,0,0,0,"TESTAzshara",,,,,,,,0xF001C,0x0,
1219,1,16,367,0x40,0,0,0,0,0,52,"Legash Encampment",,,,,,,,0xF000E,0x0,
1076,1,406,368,0x40,0,0,0,0,0,21,"Webwinder Path",,,,,,,,0xF000E,0x0,
1119,1,357,369,0x40,0,0,0,0,0,48,"The Twin Colossals",,,,,,,,0xF000E,0x0,
1137,1,357,370,0x40,0,0,0,0,0,42,"Lower Wilds",,,,,,,,0x30002,0x0,
1176,209,0,371,0x0,0,0,25,176,0,0,"Zul'Farrak",,,,,,,,0xF000E,0x0,
1296,1,14,372,0x40,0,0,0,0,0,0,"Rocktusk Farm",,,,,,,,0xF001E,0x0,
1336,1,440,373,0x40,0,0,0,0,0,45,"Lost Rigger Cove",,,,,,,,0xF001C,0x0,
1377,1,0,374,0x40,0,0,38,176,0,0,"Silithus",,,,,,,,0xF001E,0x0,
459,0,85,375,0x40,0,11,0,0,0,10,"Scarlet Watch Post",,,,,,,,0x6F001E,0x0,
1397,169,0,376,0x40,0,0,0,0,0,0,"Emerald Forest",,,,,,,,0xF001E,0x0,
1438,0,4,379,0x40,0,0,0,193,0,50,"Nethergarde Keep",,,,,,,,0xF001E,0x0,
1439,0,4,380,0x40,0,0,0,0,0,55,"Dreadmaul Post",,,,,,,,0xF000E,0x0,
1440,0,4,381,0x40,0,0,0,0,0,51,"Serpent's Coil",,,,,,,,0xF000E,0x0,
1441,0,4,382,0x40,0,0,0,10,0,0,"Altar of Storms",,,,,,,,0xF001E,0x0,
1442,0,51,383,0x40,0,0,0,0,0,48,"Firewatch Ridge",,,,,,,,0xF000E,0x0,
1443,0,51,384,0x40,0,0,0,0,0,0,"The Slag Pit",,,,,,,,0xF000E,0x0,
1444,0,51,385,0x40,0,0,0,0,0,56,"The Sea of Cinders",,,,,,,,0xF001E,0x0,
1446,0,51,387,0x40,0,0,0,0,0,0,"Unused002",,,,,,,,0xF001C,0x0,
1457,0,4,388,0x40,0,0,0,0,0,47,"Garrison Armory",,,,,,,,0xF000E,0x0,
1517,0,3,686,0x40,0,0,0,0,0,0,"Uldaman",,,,,,,,0xF001E,0x0,
1537,0,0,689,0x38,0,0,42,0,0,5,"Ironforge",,,,,,,,0xF000E,0x2,
1557,1,400,690,0x40,0,0,0,0,0,0,"Splithoof Hold",,,,,,,,0xF000E,0x0,
1578,0,33,692,0x40,0,0,0,0,0,0,"Southern Savage Coast",,,,,,,,0xF001E,0x0,
1579,0,0,693,0x40,0,0,0,0,0,0,"Unused The Deadmines 002",,,,,,,,0xF001C,0x2,
1581,36,0,695,0x0,76,0,53,204,0,0,"The Deadmines",,,,,,,,0xF000E,0x2,
1583,0,0,697,0x0,0,0,0,0,0,0,"Blackrock Spire",,,,,,,,0xF000E,0x0,
516,1,15,534,0x40,0,11,0,0,0,0,"Dustwallow Bay",,,,,,,,0x6F001E,0x0,
540,1,490,541,0x40,0,11,0,0,0,51,"The Slithering Scar",,,,,,,,0x6F001E,0x0,
54,0,12,550,0x40,0,11,35,1,0,8,"Jasperlode Mine",,,,,,,,0xF001E,0x0,
120,0,12,559,0x40,0,11,35,0,0,8,"Westbrook Garrison",,,,,,,,0xF001E,0x0,
599,1,405,596,0x40,0,11,0,193,301,30,"Thunder Axe Fortress",,,,,,,,0x6F001E,0x0,
153,0,85,607,0x40,0,11,0,2,0,10,"Ruins of Lordaeron",,,,,,,,0xF000E,0x0,
295,0,267,616,0x40,0,11,0,1,0,30,"Western Strand",,,,,,,,0x6F001E,0x0,
802,0,1,652,0x40,0,11,0,0,0,8,"Shimmer Ridge",,,,,,,,0xF000C,0x0,
806,0,1,656,0x40,0,11,0,0,0,12,"South Gate Outpost",,,,,,,,0xF001E,0x0,
815,1,17,665,0x40,0,11,0,0,0,0,"Southfury River",,,,,,,,0xF001E,0x0,
837,0,38,673,0x40,0,11,0,0,0,0,"Dun Algaz",,,,,,,,0xF001E,0x0,
881,0,11,680,0x40,0,11,0,0,0,0,"Thandol Span",,,,,,,,0xF001E,0x0,
249,0,46,1,0x40,0,11,0,10,0,50,"Dreadmaul Rock",,,,,,,,0x6F001E,0x0,
261,1,141,11,0x40,0,11,0,0,0,8,"Gnarlpine Hold",,,,,,,,0x6F001E,0x0,
277,0,36,21,0x40,0,11,0,1,0,0,"The Foothill Caverns",,,,,,,,0x6F001E,0x0,
289,0,267,33,0x40,0,11,0,1,0,26,"Nethander Stead",,,,,,,,0x6F001E,0x0,
306,0,130,45,0x40,0,11,0,0,0,0,"South Tide's Run",,,,,,,,0xF000E,0x0,
323,0,45,55,0x40,0,11,0,0,0,0,"O'Breen's Camp",,,,,,,,0x6F001E,0x0,
331,1,0,61,0x40,0,11,48,11,0,0,"Ashenvale",,,,,,,,0xF001E,0x0,
336,0,45,66,0x40,0,11,0,0,0,38,"Circle of Outer Binding",,,,,,,,0x6F001E,0x0,
977,1,440,390,0x40,0,0,0,3,0,40,"Steamwheedle Port",,,,,,,,0xF000E,0x0,
1036,0,11,391,0x40,0,0,0,0,0,28,"Angerfang Encampment",,,,,,,,0xF000E,0x0,
1037,0,11,392,0x40,0,0,0,0,0,25,"Grim Batol",,,,,,,,0xF001E,0x0,
1038,0,11,393,0x40,0,0,0,0,0,25,"Dragonmaw Gates",,,,,,,,0xF001E,0x0,
1039,0,11,394,0x40,0,0,0,0,0,25,"The Lost Fleet",,,,,,,,0xF001E,0x0,
1100,1,357,395,0x40,0,0,0,0,0,0,"Grimtotem Compound",,,,,,,,0xF000E,0x0,
1101,1,357,396,0x40,0,0,0,0,0,44,"The Writhing Deep",,,,,,,,0xF000E,0x0,
1104,1,357,398,0x40,0,0,0,0,0,0,"Mok'Gordun",,,,,,,,0xF000E,0x0,
1106,1,357,399,0x40,0,0,0,0,0,46,"Frayfeather Highlands",,,,,,,,0xF000E,0x0,
1107,1,357,400,0x40,0,0,0,0,0,0,"Idlewind Lake",,,,,,,,0xF001E,0x0,
1109,1,357,401,0x40,0,0,0,0,0,0,"East Pillar",,,,,,,,0xF000C,0x0,
1110,1,357,402,0x40,0,0,0,0,0,0,"West Pillar",,,,,,,,0xF000C,0x0,
1111,1,357,403,0x40,0,0,0,0,0,60,"Dream Bough",,,,,,,,0xF000E,0x0,
1112,1,357,404,0x40,0,0,0,0,0,0,"Jademir Lake",,,,,,,,0xF001E,0x0,
1113,1,357,405,0x40,0,0,0,0,0,60,"Oneiros",,,,,,,,0xF000E,0x0,
1157,1,17,406,0x40,0,0,0,0,0,0,"Southern Gold Road",,,,,,,,0xF001E,0x0,
1518,0,40,687,0x40,0,0,0,0,0,0,"Not Used Deadmines",,,,,,,,0xF001E,0x0,
1519,0,0,688,0x38,0,0,31,13,61,10,"Stormwind City",,,,,,,,0xF000E,0x2,
1582,36,1581,696,0x0,76,0,53,204,181,0,"Ironclad Cove",,,,,,,,0xF000E,0x2,
307,0,47,46,0x40,0,11,0,1,0,48,"The Overlook Cliffs",,,,,,,,0x6F001E,0x0,
321,0,45,54,0x40,0,11,0,14,0,30,"Hammerfall",,,,,,,,0x6F001E,0x0,
1741,0,33,740,0x40,0,0,0,0,0,43,"Gurubashi Arena",,,,,,,,0xF000E,0x0,
1759,0,33,744,0x40,0,0,0,0,0,0,"The Damsel's Luck",,,,,,,,0xF000E,0x0,
1777,0,8,757,0x40,0,0,0,0,0,36,"Itharius's Cave",,,,,,,,0xF000E,0x0,
1797,0,8,761,0x40,0,0,0,0,0,41,"Stagalbog",,,,,,,,0xF000C,0x0,
1798,0,8,762,0x40,0,0,0,0,0,36,"The Shifting Mire",,,,,,,,0xF000C,0x0,
928,0,130,317,0x40,0,11,0,0,0,0,"North Tide's Hollow",,,,,,,,0xF000C,0x0,
981,1,440,324,0x40,0,0,0,0,0,48,"The Gaping Chasm",,,,,,,,0xF001E,0x0,
990,1,440,333,0x40,0,0,0,0,0,50,"Valley of the Watchers",,,,,,,,0xF001E,0x0,
1021,0,11,343,0x40,0,0,0,0,0,22,"Thelgen Rock",,,,,,,,0xF000E,0x0,
1097,0,10,351,0x40,0,0,0,0,0,19,"The Hushed Bank",,,,,,,,0xF001E,0x0,
1136,1,357,361,0x40,0,0,0,0,0,0,"High Wilderness",,,,,,,,0xF000E,0x0,
1417,109,0,377,0x0,0,0,0,0,0,0,"Sunken Temple",,,,,,,,0xF001E,0x0,
1445,0,51,386,0x40,0,0,0,0,0,0,"Blackrock Mountain",,,,,,,,0xF000E,0x0,
1580,36,1579,694,0x40,0,0,0,0,0,0,"Unused Ironclad Cove 003",,,,,,,,0xF001C,0x0,
1297,1,14,407,0x40,0,0,0,0,0,0,"Jaggedswine Farm",,,,,,,,0xF000E,0x0,
1276,1,331,434,0x40,0,0,0,0,0,0,"The Talondeep Path",,,,,,,,0xF001E,0x0,
918,0,40,683,0x40,0,11,0,0,0,14,"The Molsen Farm",,,,,,,,0xF000E,0x0,
976,1,440,320,0x40,0,0,0,0,0,40,"Gadgetzan",,,,,,,,0xF001E,0x0,
1114,1,357,356,0x40,0,0,0,0,0,49,"Ruins of Ravenwind",,,,,,,,0xF000E,0x0,
1477,0,0,389,0x0,0,0,33,3,0,0,"The Temple of Atal'Hakkar",,,,,,,,0xF001E,0x0,
475,1,215,500,0x40,0,11,0,9,0,0,"Spirit RiseUNUSED",,,,,,,,0xF000E,0x0,
1886,0,47,776,0x40,0,0,0,0,0,47,"The Creeping Ruin",,,,,,,,0xF000C,0x0,
1941,1,0,785,0x0,0,0,0,0,0,0,"Caverns of Time",,,,,,,,0xF000E,0x0,
1942,1,490,786,0x40,0,0,0,0,0,48,"The Marshlands",,,,,,,,0xF000E,0x0,
1943,1,490,787,0x40,0,0,0,0,0,0,"Ironstone Plateau",,,,,,,,0xF000E,0x0,
156,0,85,233,0x40,0,11,0,2,0,6,"Solliden Farmstead",,,,,,,,0x6F001E,0x0,
157,0,85,234,0x40,0,11,0,15,0,8,"Agamand Mills",,,,,,,,0x6F001E,0x0,
676,150,0,297,0x40,0,11,46,0,0,0,"Outland",,,,,,,,0xF001C,0x0,
696,1,141,298,0x40,0,11,48,76,0,0,"Craftsmen's Terrace UNUSED",,,,,,,,0xF000E,0x0,
466,1,406,493,0x40,0,11,0,7,0,0,"Valley of the Bloodfuries",,,,,,,,0x6F001E,0x0,
350,0,47,78,0x40,0,11,0,1,0,45,"Quel'Danil Lodge",,,,,,,,0x6F001E,0x0,
365,1,14,91,0x40,0,11,0,9,0,0,"Burning Blade Coven",,,,,,,,0xF000E,0x0,
381,1,17,105,0x40,0,11,0,0,0,17,"Boulder Lode Mine",,,,,,,,0xF000E,0x0,
1678,0,36,719,0x40,0,0,0,0,0,33,"Sofera's Naze",,,,,,,,0xF000C,0x0,
333,0,45,63,0x40,0,11,0,0,0,38,"Circle of East Binding",,,,,,,,0x6F001E,0x0,
923,0,38,312,0x40,0,11,0,0,0,13,"Stonesplinter Valley",,,,,,,,0xF001E,0x0,
991,1,440,334,0x40,0,0,0,0,0,0,"Gunstan's Post",,,,,,,,0xF001C,0x0,
1056,0,267,348,0x40,0,0,0,0,0,31,"Darrow Hill",,,,,,,,0xF001E,0x0,
1108,1,357,355,0x40,0,0,0,0,0,49,"The Forgotten Coast",,,,,,,,0xF001E,0x0,
608,1,405,605,0x40,0,11,0,76,103,30,"Nijel's Point",,,,,,,,0x6F001E,0x0,
313,0,45,632,0x40,0,11,0,0,302,31,"Northfold Manor",,,,,,,,0x6F001E,0x0,
896,0,267,308,0x40,0,11,40,193,0,30,"Purgation Isle",,,,,,,,0xF000C,0x0,
986,1,440,329,0x40,0,0,0,0,0,45,"Zalashji's Den",,,,,,,,0xF000E,0x0,
1437,0,4,378,0x40,0,0,0,0,0,47,"Dreadmaul Hold",,,,,,,,0xF000E,0x0,
1103,1,357,397,0x40,0,0,0,0,0,42,"Gordunni Outpost",,,,,,,,0xF000E,0x0,
396,1,215,117,0x40,0,11,0,9,0,6,"Winterhoof Water Well",,,,,,,,0x6F001E,0x0,
7,0,33,123,0x40,0,11,0,3,0,0,"Blackwater Cove",,,,,,,,0x6F001E,0x0,
1977,309,0,791,0x0,0,0,0,0,0,0,"Zul'Gurub",,,,,,,,0x30002,0x0,
1978,0,8,792,0x0,0,0,0,0,0,0,"Misty Reed Post",,,,,,,,0xF000C,0x0,
1997,1,361,793,0x0,0,0,0,0,0,52,"Bloodvenom Post ",,,,,,,,0xF000E,0x0,
2017,329,0,795,0x0,0,0,37,0,0,0,"Stratholme",,,,,,,,0xF000E,0x0,
2037,0,0,796,0x0,0,0,0,0,0,0,"UNUSEDShadowfang Keep 003",,,,,,,,0xF000C,0x0,
305,0,130,44,0x40,0,11,0,0,0,0,"North Tide's Run",,,,,,,,0xF000E,0x0,
2057,289,0,797,0x0,0,0,0,0,0,0,"Scholomance",,,,,,,,0xF000E,0x0,
2077,1,148,798,0x0,0,0,0,0,0,0,"Twilight Vale",,,,,,,,0xF000E,0x0,
2097,1,400,801,0x0,0,0,0,0,0,26,"Darkcloud Pinnacle",,,,,,,,0xF000E,0x0,
2100,349,0,804,0x0,0,0,0,0,0,0,"Maraudon",,,,,,,,0xF000E,0x0,
2101,0,38,805,0x0,0,0,0,0,0,0,"Stoutlager Inn",,,,,,,,0xF000E,0x0,
2102,0,1,806,0x0,0,0,0,0,0,0,"Thunderbrew Distillery",,,,,,,,0xF000E,0x0,
2103,0,11,807,0x0,0,0,0,0,0,0,"Menethil Keep",,,,,,,,0xF000E,0x0,
2104,0,11,808,0x0,0,0,0,0,0,0,"Deepwater Tavern",,,,,,,,0xF000E,0x0,
2118,0,85,810,0x0,0,0,0,0,0,0,"Brill Town Hall",,,,,,,,0xF000E,0x0,
2137,1,215,812,0x0,0,0,0,0,0,0,"The Pools of VisionUNUSED",,,,,,,,0xF000E,0x0,
2138,1,17,813,0x0,0,0,0,10,0,0,"Dreadmist Den",,,,,,,,0xF000E,0x0,
2157,1,17,814,0x0,0,0,0,0,0,0,"Bael'dun Keep",,,,,,,,0xF000E,0x0,
2159,1,0,816,0x0,0,0,0,0,0,0,"Onyxia's Lair",,,,,,,,0xF000E,0x0,
2198,1,405,821,0x0,0,0,0,0,0,30,"Shadowbreak Ravine",,,,,,,,0xF000C,0x0,
2217,1,405,822,0x0,0,0,0,0,0,0,"Broken Spear Village",,,,,,,,0xF000C,0x0,
488,1,400,512,0x40,0,11,0,9,0,0,"The Weathered Nook",,,,,,,,0x6F001E,0x0,
810,0,85,660,0x40,0,11,0,0,0,7,"Stillwater Pond",,,,,,,,0xF001E,0x0,
1118,1,357,360,0x40,0,0,0,0,0,0,"Lower Wilds UNUSED",,,,,,,,0x30002,0x0,
1228,1,16,423,0x40,0,0,0,176,0,52,"The Shattered Strand",,,,,,,,0xF000E,0x0,
2237,1,400,823,0x0,0,0,0,0,0,0,"Whitereach Post",,,,,,,,0xF0002,0x0,
2238,1,400,824,0x0,0,0,0,0,0,0,"Gornia",,,,,,,,0xF0000,0x0,
2239,1,400,825,0x0,0,0,0,0,0,0,"Zane's Eye Crater",,,,,,,,0xF0000,0x0,
2240,1,400,826,0x0,0,0,0,0,0,0,"Mirage Raceway",,,,,,,,0xF0000,0x0,
2241,1,618,827,0x0,0,0,0,0,0,57,"Frostsaber Rock",,,,,,,,0xF0002,0x0,
2242,1,618,828,0x0,0,0,0,0,0,58,"The Hidden Grove",,,,,,,,0xF0002,0x0,
2243,1,618,829,0x0,0,0,0,0,0,55,"Timbermaw Post",,,,,,,,0xF0000,0x0,
2244,1,618,830,0x0,0,0,0,0,0,57,"Winterfall Village",,,,,,,,0xF0002,0x0,
2245,1,618,831,0x0,0,0,0,223,301,56,"Mazthoril",,,,,,,,0xF0002,0x0,
2246,1,618,832,0x0,0,0,0,0,0,55,"Frostfire Hot Springs",,,,,,,,0xF0000,0x0,
2247,1,618,833,0x0,0,0,0,0,0,56,"Ice Thistle Hills",,,,,,,,0xF0002,0x0,
2248,1,618,834,0x0,0,0,0,0,0,57,"Dun Mandarr",,,,,,,,0xF0002,0x0,
491,47,0,515,0x0,0,11,0,0,0,0,"Razorfen Kraul",,,,,,,,0xF000E,0x4,
506,1,15,525,0x40,0,11,0,191,0,0,"Lost Point",,,,,,,,0x6F001E,0x0,
515,1,15,533,0x40,0,11,0,0,0,0,"Ironclad Prison",,,,,,,,0x6F001C,0x0,
543,1,490,544,0x40,0,11,0,0,0,53,"Golakka Hot Springs",,,,,,,,0x6F001E,0x0,
68,0,44,557,0x40,0,11,0,1,0,16,"Lake Everstill",,,,,,,,0xF001E,0x0,
328,0,45,566,0x40,0,11,0,192,0,0,"The Drowned Reef",,,,,,,,0x6F001E,0x0,
81,451,22,575,0x40,0,11,0,0,0,0,"Jeff NE Quadrant",,,,,,,,0x6F001E,0x0,
510,1,15,584,0x40,0,11,0,0,0,0,"The Dragonmurk",,,,,,,,0x6F001E,0x0,
355,0,47,592,0x40,0,11,0,176,0,46,"The Altar of Zul",,,,,,,,0x6F001E,0x0,
637,1,215,635,0x40,0,11,0,9,121,0,"Kodo Rock",,,,,,,,0xF000E,0x0,
638,1,14,636,0x40,0,11,0,0,0,0,"Hidden Path",,,,,,,,0xF001E,0x0,
639,1,14,637,0x40,0,11,0,0,0,0,"Spirit Rock",,,,,,,,0xF001E,0x0,
716,0,1,639,0x40,0,11,0,0,0,0,"Ironband's Compound",,,,,,,,0xF001E,0x0,
717,34,0,640,0x0,0,11,0,0,0,0,"The Stockade",,,,,,,,0xF001E,0x0,
718,43,0,641,0x0,0,11,0,0,0,0,"Wailing Caverns",,,,,,,,0xF000E,0x4,
719,48,0,642,0x0,75,11,0,176,0,0,"Blackfathom Deeps",,,,,,,,0xF000E,0x2,
720,1,17,643,0x40,0,11,32,3,121,0,"Fray Island",,,,,,,,0xF001E,0x0,
722,129,0,644,0x3,0,11,38,0,0,0,"Razorfen Downs",,,,,,,,0xF000E,0x4,
736,1,141,645,0x40,0,11,0,0,0,8,"Ban'ethil Hollow",,,,,,,,0xF001E,0x0,
796,189,0,646,0x0,0,11,0,215,0,0,"Scarlet Monastery",,,,,,,,0xF000E,0x4,
797,0,12,647,0x40,0,11,35,0,301,8,"Jerod's Landing",,,,,,,,0xF001E,0x0,
798,0,12,648,0x40,0,11,35,0,0,8,"Ridgepoint Tower",,,,,,,,0xF001E,0x0,
799,0,10,649,0x40,0,11,0,2,0,10,"The Darkened Bank",,,,,,,,0xF000E,0x0,
800,0,1,650,0x40,0,11,0,0,0,4,"Coldridge Pass",,,,,,,,0xF000E,0x0,
803,0,1,653,0x40,0,11,0,0,0,7,"Amberstill Ranch",,,,,,,,0xF001E,0x0,
804,0,1,654,0x40,0,11,0,0,0,8,"The Tundrid Hills",,,,,,,,0xF000E,0x0,
805,0,1,655,0x40,0,11,0,0,0,0,"South Gate Pass",,,,,,,,0xF001E,0x0,
807,0,1,657,0x40,0,11,0,0,0,0,"North Gate Pass",,,,,,,,0xF001E,0x0,
808,0,1,658,0x40,0,11,0,0,0,11,"North Gate Outpost",,,,,,,,0xF001E,0x0,
809,0,1,659,0x40,0,11,0,0,0,7,"Gates of Ironforge",,,,,,,,0xF000E,0x0,
811,0,85,661,0x40,0,11,0,0,0,5,"Nightmare Vale",,,,,,,,0xF001E,0x0,
812,0,85,662,0x40,0,11,0,0,0,10,"Venomweb Vale",,,,,,,,0xF001E,0x0,
814,1,14,664,0x40,0,11,0,0,0,0,"Southfury River",,,,,,,,0xF001E,0x0,
816,1,14,666,0x40,0,11,0,0,0,8,"Razormane Grounds",,,,,,,,0xF001E,0x0,
817,1,14,667,0x40,0,11,0,0,0,10,"Skull Rock",,,,,,,,0xF001E,0x0,
818,1,215,668,0x40,0,11,0,0,0,5,"Palemane Rock",,,,,,,,0xF000E,0x0,
819,1,215,669,0x40,0,11,0,0,0,9,"Windfury Ridge",,,,,,,,0xF001E,0x0,
820,1,215,670,0x40,0,11,0,0,0,5,"The Golden Plains",,,,,,,,0xF001E,0x0,
836,0,11,672,0x40,0,11,0,0,0,0,"Dun Algaz",,,,,,,,0xF001E,0x0,
856,0,10,674,0x40,0,11,0,2,0,19,"Twilight Grove",,,,,,,,0xF001E,0x0,
876,1,0,675,0x40,0,11,0,0,0,0,"GM Island",,,,,,,,0xF001E,0x0,
877,1,17,676,0x40,0,11,0,0,0,0,"Delete ME",,,,,,,,0xF001C,0x0,
878,1,16,677,0x40,0,11,0,8,0,0,"Southfury River",,,,,,,,0xF001E,0x0,
879,1,331,678,0x40,0,11,0,0,0,0,"Southfury River",,,,,,,,0xF001E,0x0,
917,0,40,682,0x40,0,11,0,0,0,18,"The Dead Acre",,,,,,,,0xF000E,0x0,
919,0,40,684,0x40,0,11,0,0,0,14,"Stendel's Pond",,,,,,,,0xF000E,0x0,
1858,0,45,766,0x40,0,0,0,0,0,32,"Boulder'gor",,,,,,,,0xF000C,0x0,
2259,0,139,845,0x0,0,0,0,0,0,0,"UNUSEDThe Marris Stead",,,,,,,,0xF0000,0x0,
2302,1,15,872,0x0,0,0,0,0,0,39,"The Quagmire",,,,,,,,0xF0000,0x0,
2303,1,400,873,0x0,0,0,0,0,0,27,"Windbreak Canyon",,,,,,,,0xF0000,0x0,
2317,1,440,874,0x0,0,0,24,0,0,0,"South Seas",,,,,,,,0xF0002,0x0,
2318,1,15,875,0x0,0,0,0,0,0,0,"The Great Sea",,,,,,,,0xF0002,0x0,
2319,1,17,876,0x0,0,0,0,0,0,0,"The Great Sea",,,,,,,,0xF0002,0x0,
2320,1,14,877,0x0,0,0,0,0,0,0,"The Great Sea",,,,,,,,0xF0002,0x0,
2321,1,16,878,0x0,0,0,0,0,0,0,"The Great Sea",,,,,,,,0xF0002,0x0,
2323,1,357,880,0x0,0,0,0,0,0,0,"The Veiled Sea",,,,,,,,0xF0002,0x0,
2324,1,405,881,0x0,0,0,0,0,0,0,"The Veiled Sea",,,,,,,,0xF0002,0x0,
2325,1,331,882,0x0,0,0,0,0,0,0,"The Veiled Sea",,,,,,,,0xF0002,0x0,
2326,1,148,883,0x0,0,0,0,0,0,0,"The Veiled Sea",,,,,,,,0xF0002,0x2,
395,0,394,116,0x40,0,11,0,0,0,0,"Caer Darrow UNUSED",,,,,,,,0xF000E,0x0,
2360,1,331,890,0x0,0,0,0,0,0,0,"Silverwing Outpost",,,,,,,,0xF0000,0x0,
2361,1,493,891,0x0,0,0,0,0,0,0,"Nighthaven",,,,,,,,0xF0000,0x0,
2362,1,493,892,0x0,0,0,0,0,0,0,"Shrine of Remulos",,,,,,,,0xF0002,0x0,
2363,1,493,893,0x0,0,0,0,0,0,0,"Stormrage Barrow Dens",,,,,,,,0xF0002,0x0,
2364,0,40,894,0x0,0,0,0,0,0,0,"The Great Sea",,,,,,,,0xF0002,0x0,
2365,0,11,895,0x0,0,0,0,0,0,0,"The Great Sea",,,,,,,,0xF0002,0x0,
2366,269,0,896,0x0,0,0,0,0,0,0,"The Black Morass",,,,,,,,0xF0002,0x0,
2367,269,0,897,0x0,0,0,0,0,0,0,"Old Hillsbrad Foothills",,,,,,,,0xF0000,0x0,
2368,269,2367,898,0x0,0,0,0,0,0,0,"Tarren Mill",,,,,,,,0xF0002,0x0,
2369,269,2367,899,0x0,0,0,0,0,0,0,"Southshore",,,,,,,,0xF0002,0x0,
2370,269,2367,900,0x0,0,0,0,0,0,0,"Durnholde Keep",,,,,,,,0xF0002,0x0,
2371,269,2367,901,0x0,0,0,0,0,0,0,"Dun Garok",,,,,,,,0xF0002,0x0,
2372,269,2367,902,0x0,0,0,0,0,0,0,"Hillsbrad Fields",,,,,,,,0xF0002,0x0,
2373,269,2367,903,0x0,0,0,0,0,0,0,"Eastern Strand",,,,,,,,0xF0002,0x0,
2374,269,2367,904,0x0,0,0,0,0,0,0,"Nethander Stead",,,,,,,,0xF0002,0x0,
2376,269,2367,906,0x0,0,0,0,0,0,0,"Southpoint Tower",,,,,,,,0xF0002,0x0,
2377,269,2367,907,0x0,0,0,0,0,0,0,"Thoradin's Wall",,,,,,,,0xF0002,0x0,
2378,269,2367,908,0x0,0,0,0,0,0,0,"Western Strand",,,,,,,,0xF0002,0x0,
2397,0,267,910,0x0,0,0,0,0,0,0,"The Great Sea",,,,,,,,0xF0002,0x0,
2398,0,130,911,0x0,0,0,0,0,0,0,"The Great Sea",,,,,,,,0xF0002,0x0,
2399,0,85,912,0x0,0,0,0,0,0,0,"The Great Sea",,,,,,,,0xF0002,0x0,
2400,0,47,913,0x0,0,0,0,0,0,0,"The Forbidding Sea",,,,,,,,0xF0002,0x0,
2401,0,45,914,0x0,0,0,0,0,0,0,"The Forbidding Sea",,,,,,,,0xF0002,0x0,
2402,0,11,915,0x0,0,0,0,0,0,0,"The Forbidding Sea",,,,,,,,0xF0002,0x0,
2403,0,8,916,0x0,0,0,0,0,0,0,"The Forbidding Sea",,,,,,,,0xF0002,0x0,
2404,1,405,917,0x0,0,0,0,0,0,30,"Tethris Aran",,,,,,,,0xF0002,0x0,
2405,1,405,918,0x0,0,0,0,0,0,32,"Ethel Rethor",,,,,,,,0xF0000,0x0,
2406,1,405,919,0x0,0,0,0,0,0,0,"Ranazjar Isle",,,,,,,,0xF0002,0x0,
2407,1,405,920,0x0,0,0,0,0,0,32,"Kormek's Hut",,,,,,,,0xF0000,0x0,
2408,1,405,921,0x0,0,0,0,0,0,33,"Shadowprey Village",,,,,,,,0xF0002,0x0,
2417,0,46,922,0x0,0,0,0,0,0,54,"Blackrock Pass",,,,,,,,0xF0000,0x0,
2418,0,46,923,0x0,0,0,0,0,0,55,"Morgan's Vigil",,,,,,,,0xF0000,0x0,
2419,0,46,924,0x0,0,0,0,0,0,0,"Slither Rock",,,,,,,,0xF0000,0x0,
2420,0,46,925,0x0,0,0,0,0,0,52,"Terror Wing Path",,,,,,,,0xF0000,0x0,
2421,0,46,926,0x0,0,0,0,0,0,54,"Draco'dar",,,,,,,,0xF0002,0x0,
2437,389,0,927,0x0,0,0,0,0,0,0,"Ragefire Chasm",,,,,,,,0xF0002,0x4,
2457,1,331,928,0x0,0,0,0,0,0,0,"Nightsong Woods",,,,,,,,0xF0002,0x0,
2477,1,1377,929,0x0,0,0,0,0,0,0,"The Veiled Sea",,,,,,,,0xF0000,0x0,
2478,1,361,930,0x0,0,0,0,0,0,47,"Morlos'Aran",,,,,,,,0xF0000,0x0,
2479,1,361,931,0x0,0,0,0,0,0,48,"Emerald Sanctuary",,,,,,,,0xF0002,0x0,
2480,1,361,932,0x0,0,0,0,0,0,50,"Jadefire Glen",,,,,,,,0xF0000,0x0,
2481,1,361,933,0x0,0,0,0,0,0,51,"Ruins of Constellas",,,,,,,,0xF0000,0x0,
2497,1,16,934,0x0,0,0,0,0,0,53,"Bitter Reaches",,,,,,,,0xF0000,0x0,
2517,0,4,935,0x0,0,0,0,0,0,46,"Rise of the Defiler",,,,,,,,0xF0002,0x0,
2518,1,357,936,0x0,0,0,0,0,0,0,"Lariss Pavillion",,,,,,,,0xF0000,0x0,
2519,1,357,937,0x0,0,0,0,0,0,0,"Woodpaw Hills",,,,,,,,0xF0002,0x0,
2520,1,357,938,0x0,0,0,0,0,0,0,"Woodpaw Den",,,,,,,,0xF0002,0x0,
2521,1,357,939,0x0,0,0,0,0,0,-1,"Verdantis River",,,,,,,,0xF0000,0x0,
2522,1,357,940,0x0,0,0,0,0,0,45,"Ruins of Isildien",,,,,,,,0xF0002,0x0,
2537,1,406,941,0x0,0,0,0,226,0,0,"Grimtotem Post",,,,,,,,0xF0000,0x0,
2538,1,406,942,0x0,0,0,0,226,0,0,"Camp Aparaje",,,,,,,,0xF0000,0x0,
2539,1,406,943,0x0,0,0,0,185,0,0,"Malaka'jin",,,,,,,,0xF0002,0x0,
2540,1,406,944,0x0,0,0,0,0,0,0,"Boulderslide Ravine",,,,,,,,0xF0000,0x0,
2541,1,406,945,0x0,0,0,0,229,0,0,"Sishir Canyon",,,,,,,,0xF0000,0x0,
2557,429,0,946,0x0,0,0,0,0,0,0,"Dire Maul",,,,,,,,0xF0002,0x0,
2558,0,41,947,0x0,0,0,0,0,0,0,"Deadwind Ravine",,,,,,,,0xF0000,0x0,
2559,0,41,948,0x0,0,0,0,0,0,0,"Diamondhead River",,,,,,,,0xF0000,0x0,
2560,0,41,949,0x0,0,0,0,0,0,0,"Ariden's Camp",,,,,,,,0xF0000,0x0,
2561,0,41,950,0x0,0,0,0,0,0,0,"Grosh'gok Compound",,,,,,,,0xF0002,0x0,
2562,0,41,951,0x0,0,0,0,0,0,0,"Karazhan",,,,,,,,0xF0000,0x0,
2563,0,41,952,0x0,0,0,0,0,0,0,"Morgan's Plot",,,,,,,,0xF0000,0x0,
2577,1,357,953,0x0,0,0,0,0,0,44,"Dire Maul",,,,,,,,0xF0002,0x0,
2597,30,0,954,0x40,0,0,42,8,0,0,"Alterac Valley",,,,,,,,0xF0000,0x0,
2617,1,405,955,0x40,0,0,0,226,0,0,"Scrabblescrew's Camp",,,,,,,,0xF0000,0x0,
2618,1,361,956,0x40,0,0,0,0,0,50,"Jadefire Run",,,,,,,,0xF0000,0x0,
2619,0,139,957,0x40,0,0,0,0,0,55,"Thondroril River",,,,,,,,0xF0002,0x0,
2620,0,28,958,0x40,0,0,0,0,0,0,"Thondroril River",,,,,,,,0xF0002,0x0,
2621,0,139,959,0x40,0,0,0,0,0,54,"Lake Mereldar",,,,,,,,0xF0002,0x0,
2622,0,139,960,0x40,0,0,0,0,0,55,"Pestilent Scar",,,,,,,,0xF0002,0x0,
2623,0,139,961,0x40,0,0,0,0,0,59,"The Infectis Scar",,,,,,,,0xF0002,0x0,
2624,0,139,962,0x40,0,0,0,0,0,58,"Blackwood Lake",,,,,,,,0xF0002,0x0,
2625,0,139,963,0x40,0,0,0,0,0,0,"Eastwall Gate",,,,,,,,0xF0002,0x0,
2626,0,139,964,0x40,0,0,0,0,0,0,"Terrorweb Tunnel",,,,,,,,0xF0000,0x0,
2627,0,139,965,0x40,0,0,0,0,0,55,"Terrordale",,,,,,,,0xF0002,0x0,
2637,1,331,966,0x40,0,0,0,0,0,0,"Kargathia Keep",,,,,,,,0xF0000,0x0,
1497,0,0,685,0x38,0,0,40,0,0,10,"Undercity",,,,,,,,0xF001E,0x4,
1577,0,33,691,0x40,0,0,0,0,0,0,"The Cape of Stranglethorn",,,,,,,,0xF000E,0x0,
1584,0,0,698,0x0,0,0,0,0,0,0,"Blackrock Depths",,,,,,,,0xF000E,0x0,
1738,0,33,737,0x40,0,0,0,0,0,43,"Nek'mani Wellspring",,,,,,,,0xF000C,0x0,
1768,1,361,753,0x40,0,0,0,0,0,0,"Irontree Cavern",,,,,,,,0xF001E,0x0,
2657,1,405,967,0x40,0,0,0,0,0,0,"Valley of Bones",,,,,,,,0x30000,0x0,
2677,469,0,968,0x0,0,0,0,0,0,0,"Blackwing Lair",,,,,,,,0x30002,0x0,
2697,0,41,969,0x40,0,0,0,0,0,0,"Deadman's Crossing",,,,,,,,0x30000,0x0,
2717,409,0,970,0x0,0,0,0,0,0,0,"Molten Core",,,,,,,,0x30000,0x0,
2737,1,1377,971,0x40,0,0,0,0,0,0,"The Scarab Wall",,,,,,,,0x30000,0x0,
2738,1,1377,972,0x40,0,0,0,0,0,0,"Southwind Village",,,,,,,,0x30000,0x0,
2739,1,1377,973,0x0,0,0,0,0,0,0,"Twilight Base Camp",,,,,,,,0x30000,0x0,
2740,1,1377,974,0x40,0,0,0,0,0,0,"The Crystal Vale",,,,,,,,0x30000,0x0,
2741,1,1377,975,0x40,0,0,0,0,0,0,"The Scarab Dais",,,,,,,,0x30000,0x0,
2742,1,1377,976,0x40,0,0,0,0,0,0,"Hive'Ashi",,,,,,,,0x30000,0x0,
2743,1,1377,977,0x40,0,0,0,0,0,0,"Hive'Zora",,,,,,,,0x30000,0x0,
2744,1,1377,978,0x40,0,0,0,0,0,0,"Hive'Regal",,,,,,,,0x30000,0x0,
1880,0,47,770,0x40,0,0,0,0,0,0,"Featherbeard's Hovel",,,,,,,,0xF000C,0x0,
1957,0,51,788,0x40,0,0,0,0,0,47,"Blackchar Cave",,,,,,,,0xF000C,0x0,
2119,0,85,811,0x0,0,0,0,0,0,0,"Gallows' End Tavern",,,,,,,,0xF000E,0x0,
1857,0,45,765,0x40,0,0,0,0,0,32,"Thoradin's Wall",,,,,,,,0xF000E,0x0,
1940,1,440,784,0x40,0,0,0,0,0,49,"Southbreak Shore",,,,,,,,0xF000C,0x0,
2757,1,17,979,0x40,0,0,0,0,0,0,"Shrine of the fallen warrior",,,,,,,,0x10000,0x0,
1882,0,47,772,0x40,0,0,0,0,0,0,"Plaguemist Ravine",,,,,,,,0xF000C,0x0,
2099,0,44,803,0x0,0,0,0,0,0,0,"Stonewatch Keep",,,,,,,,0xF000E,0x0,
1938,1,440,782,0x40,0,0,0,0,0,45,"Broken Pillar",,,,,,,,0xF000C,0x0,
2158,1,15,815,0x0,0,0,0,0,0,0,"Emberstrife's Den",,,,,,,,0xF000E,0x0,
1597,1,17,699,0x40,0,0,0,0,0,0,"Raptor Grounds UNUSED",,,,,,,,0xF001C,0x4,
1598,1,17,700,0x40,0,0,0,0,0,0,"Grol'dom Farm UNUSED",,,,,,,,0xF001C,0x4,
1599,1,17,701,0x40,0,0,0,0,0,0,"The Mor'shan Rampart UNUSED",,,,,,,,0xF001C,0x4,
1600,1,17,702,0x40,0,0,0,0,0,0,"Honor's Stand UNUSED",,,,,,,,0xF001C,0x4,
1601,1,17,703,0x40,0,0,0,0,0,0,"Blackthorn Ridge UNUSED",,,,,,,,0xF001C,0x4,
1602,1,17,704,0x40,0,0,0,0,0,0,"Bramblescar UNUSED",,,,,,,,0xF001C,0x4,
1603,1,17,705,0x40,0,0,0,0,0,0,"Agama'gor UNUSED",,,,,,,,0xF001E,0x4,
1641,1,1638,711,0x40,0,0,0,0,0,0,"Hunter Rise",,,,,,,,0xF001E,0x4,
1657,1,0,712,0x38,0,0,48,76,63,7,"Darnassus",,,,,,,,0xF000E,0x2,
700,1,141,302,0x40,0,11,48,76,65,0,"Cenarion Enclave UNUSED",,,,,,,,0xF001E,0x0,
1659,1,1657,714,0x40,0,0,0,0,0,0,"Craftsmen's Terrace",,,,,,,,0xF001E,0x2,
1660,1,1657,715,0x40,0,0,0,0,0,0,"Warrior's Terrace",,,,,,,,0xF001E,0x2,
1661,1,1657,716,0x40,0,0,0,0,0,0,"The Temple Gardens",,,,,,,,0xF001E,0x2,
1662,1,1657,717,0x40,0,0,0,0,0,0,"Tradesmen's Terrace",,,,,,,,0xF001E,0x2,
1679,0,36,720,0x40,0,0,0,0,0,33,"Corrahn's Dagger",,,,,,,,0xF000C,0x0,
1680,0,36,721,0x40,0,0,0,0,0,34,"The Headland",,,,,,,,0xF000C,0x0,
1681,0,36,722,0x40,0,0,0,0,0,31,"Misty Shore",,,,,,,,0xF000E,0x0,
1682,0,36,723,0x40,0,0,0,0,0,39,"Dandred's Fold",,,,,,,,0xF000C,0x0,
1684,0,36,725,0x40,0,0,0,0,0,30,"Chillwind Point",,,,,,,,0xF001E,0x0,
187,1,141,248,0x40,0,11,48,76,63,7,"Darnassus UNUSED",,,,,,,,0xF001E,0x0,
984,1,440,327,0x40,0,0,0,0,0,47,"Eastmoon Ruins",,,,,,,,0xF001E,0x0,
1717,1,17,734,0x40,0,0,0,0,0,24,"Razorfen Kraul",,,,,,,,0xF000E,0x4,
1718,1,17,735,0x40,0,0,0,0,0,0,"The Great Lift",,,,,,,,0xF000E,0x4,
1737,0,33,736,0x40,0,0,0,0,0,40,"Mistvale Valley",,,,,,,,0xF000E,0x0,
1740,0,33,739,0x40,0,0,0,0,0,36,"Venture Co. Base Camp",,,,,,,,0xF000E,0x0,
1742,0,33,741,0x40,0,0,0,0,0,0,"Spirit Den",,,,,,,,0xF000C,0x0,
1837,0,45,764,0x40,0,0,0,3,0,0,"Witherbark Caverns",,,,,,,,0xF001E,0x0,
1877,0,3,767,0x40,0,0,0,0,0,42,"Valley of Fangs",,,,,,,,0xF000C,0x0,
1878,0,3,768,0x40,0,0,0,0,0,39,"The Dustbowl",,,,,,,,0xF000C,0x0,
1883,0,47,773,0x40,0,0,0,0,0,48,"Valorwind Lake",,,,,,,,0xF000C,0x0,
1884,0,47,774,0x40,0,0,0,0,0,46,"Agol'watha",,,,,,,,0xF000E,0x0,
1885,0,47,775,0x40,0,0,0,0,0,42,"Hiri'watha",,,,,,,,0xF000E,0x0,
1897,0,3,778,0x40,0,0,0,0,0,36,"The Maker's Terrace",,,,,,,,0xF000C,0x0,
1917,0,47,780,0x40,0,0,0,0,0,49,"Shaol'watha",,,,,,,,0xF000E,0x0,
916,0,40,681,0x40,0,11,0,0,0,9,"The Jansen Stead",,,,,,,,0xF001E,0x0,
1958,0,51,789,0x40,0,0,0,0,0,43,"Tanner Camp",,,,,,,,0xF000C,0x0,
1959,0,51,790,0x40,0,0,0,0,0,45,"Dustfire Valley",,,,,,,,0xF000C,0x0,
2078,1,148,799,0x0,0,0,0,0,0,0,"Twilight Shore",,,,,,,,0xF000E,0x0,
2079,1,15,800,0x0,0,0,32,3,0,61,"Alcaz Island",,,,,,,,0xF000E,0x0,
2117,0,85,809,0x0,0,0,0,0,0,0,"Shadow Grave",,,,,,,,0xF000E,0x0,
2160,1,406,817,0x0,0,0,0,0,0,0,"Windshear Mine",,,,,,,,0xF000E,0x0,
2161,0,10,818,0x0,0,0,0,0,0,0,"Roland's Doom",,,,,,,,0xF000E,0x0,
2177,0,33,819,0xD0,0,0,0,0,325,0,"The Great Arena",,,,,,,,0xF000E,0x0,
2197,1,1638,820,0x0,0,0,0,0,0,0,"The Pools of Vision",,,,,,,,0xF000C,0x4,
2322,1,141,879,0x0,0,0,0,0,0,0,"The Veiled Sea",,,,,,,,0xF0002,0x2,
2337,1,14,884,0x0,0,0,0,0,0,0,"Razor Hill Barracks",,,,,,,,0xF0002,0x4,
2338,0,33,885,0x0,0,0,24,0,122,0,"South Seas",,,,,,,,0xF0002,0x0,
2339,0,33,886,0x0,0,0,0,0,0,0,"The Great Sea",,,,,,,,0xF0002,0x0,
2357,1,331,887,0x0,0,0,0,0,0,0,"Bloodtooth Camp",,,,,,,,0xF0000,0x0,
2358,1,331,888,0x0,0,0,0,0,0,0,"Forest Song",,,,,,,,0xF0002,0x0,
2359,1,331,889,0x0,0,0,0,0,0,0,"Greenpaw Village",,,,,,,,0xF0000,0x0,
2375,269,2367,905,0x0,0,0,0,0,0,0,"Darrow Hill",,,,,,,,0xF0002,0x0,
2379,269,2367,909,0x0,0,0,0,0,0,0,"Azurelode Mine",,,,,,,,0xF0002,0x0,
1617,0,1519,706,0x40,0,0,43,13,0,0,"Valley of Heroes",,,,,,,,0xF001E,0x2,
1637,1,0,707,0x38,0,0,25,7,62,10,"Orgrimmar",,,,,,,,0xF000E,0x4,
1638,1,0,708,0x38,0,0,45,226,381,10,"Thunder Bluff",,,,,,,,0xF000E,0x4,
1640,1,1638,710,0x40,0,0,0,0,0,0,"Spirit Rise",,,,,,,,0xF001E,0x4,
280,0,36,24,0x40,0,11,37,10,301,34,"Strahnbrad",,,,,,,,0x6F001E,0x0,
370,1,14,96,0x40,0,11,0,9,0,0,"Drygulch Ravine",,,,,,,,0x6F001E,0x0,
67,17,0,166,0x44,0,11,0,0,0,0,"***On Map Dungeon***",,,,,,,,0x6F001C,0x0,
111,0,40,198,0x40,0,11,0,9,0,12,"Jangolode Mine",,,,,,,,0x6F001E,0x0,
167,0,85,244,0x40,0,11,0,2,0,8,"Crusader Outpost",,,,,,,,0x6F001E,0x0,
1002,0,44,337,0x40,0,0,0,0,0,16,"Three Corners",,,,,,,,0xF001E,0x0,
411,1,331,451,0x40,0,11,0,193,0,0,"Bathran's Haunt",,,,,,,,0x6F001E,0x0,
484,1,400,508,0x40,0,11,0,226,0,26,"Freewind Post",,,,,,,,0x6F001E,0x0,
431,1,331,553,0x40,0,11,0,0,0,0,"Splintertree Post",,,,,,,,0xF000C,0x0,
100,0,33,585,0x40,0,11,0,3,0,31,"Nesingwary's Expedition",,,,,,,,0x6F001E,0x0,
339,0,3,634,0x40,0,11,25,0,0,45,"Lethlor Ravine",,,,,,,,0x6F001E,0x0,
880,0,45,679,0x40,0,11,0,0,0,30,"Thandol Span",,,,,,,,0xF001E,0x0,
296,0,0,37,0x40,0,11,24,0,122,0,"South Seas UNUSED",,,,,,,,0xF000E,0x0,
408,0,0,448,0x40,0,11,0,0,0,0,"Gillijim's Isle",,,,,,,,0x6F001E,0x0,
1757,0,33,742,0x40,0,0,0,0,0,0,"The Crimson Veil",,,,,,,,0xF000E,0x0,
1758,0,33,743,0x40,0,0,0,0,0,0,"The Riptide",,,,,,,,0xF000E,0x0,
1760,0,33,745,0x40,0,0,0,0,0,0,"Venture Co. Operations Center",,,,,,,,0xF000C,0x0,
1761,1,361,746,0x40,0,0,0,194,0,47,"Deadwood Village",,,,,,,,0xF001C,0x0,
1762,1,361,747,0x40,0,0,0,194,0,54,"Felpaw Village",,,,,,,,0xF000E,0x0,
1763,1,361,748,0x40,0,0,0,193,161,51,"Jaedenar",,,,,,,,0xF001E,0x0,
1764,1,361,749,0x40,0,0,0,193,0,0,"Bloodvenom River",,,,,,,,0xF001E,0x0,
1765,1,361,750,0x40,0,0,0,193,0,52,"Bloodvenom Falls",,,,,,,,0xF001E,0x0,
1766,1,361,751,0x40,0,0,0,0,0,53,"Shatter Scar Vale",,,,,,,,0xF000E,0x0,
1767,1,361,752,0x40,0,0,0,0,0,53,"Irontree Woods",,,,,,,,0xF001E,0x0,
1769,1,361,754,0x40,0,0,0,0,0,0,"Timbermaw Hold",,,,,,,,0xF000E,0x0,
1770,1,361,755,0x40,0,0,0,0,0,0,"Shadow Hold",,,,,,,,0xF000E,0x0,
1778,0,8,758,0x40,0,0,0,0,0,41,"Sorrowmurk",,,,,,,,0xF000C,0x0,
1779,0,8,759,0x40,0,0,0,0,0,0,"Draenil'dur Village",,,,,,,,0xF000E,0x0,
1780,0,8,760,0x40,0,0,0,0,0,36,"Splinterspear Junction",,,,,,,,0xF000E,0x0,
1117,1,357,359,0x40,0,0,0,0,0,0,"Ruins of Solarsal",,,,,,,,0xF000E,0x0,
1817,0,8,763,0x40,0,0,0,0,0,0,"Stagalbog Cave",,,,,,,,0xF000C,0x0,
73,0,4,170,0x40,0,11,0,7,0,50,"The Tainted Scar",,,,,,,,0xF000E,0x0,
920,0,40,309,0x40,0,11,0,0,0,17,"The Dagger Hills",,,,,,,,0xF001E,0x0,
1019,0,139,341,0x40,0,0,0,0,0,0,"The Green Belt",,,,,,,,0xF001E,0x0,
1220,1,16,415,0x40,0,0,0,76,302,52,"Thalassian Base Camp",,,,,,,,0xF000E,0x0,
1230,1,16,425,0x40,0,0,0,176,0,51,"Jagged Reef",,,,,,,,0xF001E,0x0,
1357,0,36,440,0x40,0,0,37,10,0,36,"Gallows' Corner",,,,,,,,0xF001E,0x0,
1879,0,3,769,0x40,0,0,0,0,0,40,"Mirage Flats",,,,,,,,0xF000C,0x0,
1881,0,47,771,0x40,0,0,0,0,0,0,"Shindigger's Camp",,,,,,,,0xF000C,0x0,
1887,0,47,777,0x40,0,0,0,0,0,0,"Bogen's Ledge",,,,,,,,0xF000C,0x0,
1898,0,3,779,0x40,0,0,0,0,0,39,"Dustwind Gulch",,,,,,,,0xF000C,0x0,
1937,1,440,781,0x40,0,0,0,0,0,42,"Noonshade Ruins",,,,,,,,0xF000C,0x0,
1939,1,440,783,0x40,0,0,0,0,0,45,"Abyssal Sands",,,,,,,,0xF000E,0x0,
1639,1,1638,709,0x40,0,0,0,0,0,0,"Elder Rise",,,,,,,,0xF000E,0x4,
701,1,141,303,0x40,0,11,48,76,0,0,"Warrior's Terrace UNUSED",,,,,,,,0xF001E,0x0,
1677,0,36,718,0x40,0,0,0,0,0,33,"Gavin's Naze",,,,,,,,0xF000C,0x0,
1683,0,36,724,0x40,0,0,37,10,0,34,"Growless Cave",,,,,,,,0xF000E,0x0,
1697,1,17,726,0x40,0,0,0,0,0,18,"Raptor Grounds",,,,,,,,0xF000E,0x4,
1698,1,17,727,0x40,0,0,0,0,0,20,"Bramblescar",,,,,,,,0xF000C,0x4,
1699,1,17,728,0x40,0,0,0,0,0,13,"Thorn Hill",,,,,,,,0xF001C,0x4,
1700,1,17,729,0x40,0,0,0,0,0,19,"Agama'gor",,,,,,,,0xF000E,0x4,
1701,1,17,730,0x40,0,0,0,0,0,20,"Blackthorn Ridge",,,,,,,,0xF000E,0x4,
1702,1,17,731,0x40,0,0,0,0,0,18,"Honor's Stand",,,,,,,,0xF000C,0x4,
1703,1,17,732,0x40,0,0,0,0,0,17,"The Mor'shan Rampart",,,,,,,,0xF000C,0x4,
1704,1,17,733,0x40,0,0,0,0,0,11,"Grol'dom Farm",,,,,,,,0xF000E,0x4,
1739,0,33,738,0x40,0,0,0,0,0,42,"Bloodsail Compound",,,,,,,,0xF001C,0x0,
2777,0,267,980,0x40,0,0,0,0,0,0,"Alterac Valley",,,,,,,,0x10002,0x0,
606,1,405,603,0x40,0,11,0,7,0,34,"Gelkis Village",,,,,,,,0x6F001E,0x0,
271,0,267,615,0x40,0,11,0,1,0,22,"Southshore",,,,,,,,0xF000E,0x0,
93,0,10,628,0x40,0,11,0,214,0,28,"Vul'Gol Ogre Mound",,,,,,,,0x6F001E,0x0,
640,1,14,638,0x40,0,11,0,0,0,0,"Shrine of the Dormant Flame",,,,,,,,0xF001E,0x0,
801,0,1,651,0x40,0,11,0,0,0,8,"Chill Breeze Valley",,,,,,,,0xF001E,0x0,
813,0,28,663,0x40,0,11,0,0,0,52,"The Bulwark",,,,,,,,0xF001E,0x0,
821,1,215,671,0x40,0,11,0,0,0,8,"The Rolling Plains",,,,,,,,0xF000E,0x0,
1658,1,1657,713,0x40,0,0,0,0,103,0,"Cenarion Enclave",,,,,,,,0xF001E,0x2,
1771,1,361,756,0x40,0,0,0,0,0,0,"Shrine of the Deceiver",,,,,,,,0xF000C,0x0,
1998,1,361,794,0x0,0,0,0,0,0,53,"Talonbranch Glade ",,,,,,,,0xF000C,0x0,
2098,0,10,802,0x0,0,0,0,0,0,0,"Dawning Wood Catacombs",,,,,,,,0xF000E,0x0,
2249,1,618,835,0x0,0,0,0,0,0,60,"Frostwhisper Gorge",,,,,,,,0xF0000,0x0,
2250,1,618,836,0x0,0,0,0,0,0,56,"Owl Wing Thicket",,,,,,,,0xF0000,0x0,
2251,1,618,837,0x0,0,0,0,0,0,56,"Lake Kel'Theril",,,,,,,,0xF0002,0x0,
2252,1,618,838,0x0,0,0,0,0,0,55,"The Ruins of Kel'Theril",,,,,,,,0xF0002,0x0,
2253,1,618,839,0x0,0,0,0,0,0,55,"Starfall Village",,,,,,,,0xF0002,0x0,
2254,1,618,840,0x0,0,0,0,0,0,0,"Ban'Thallow Barrow Den",,,,,,,,0xF0000,0x0,
2255,1,618,841,0x0,0,0,0,0,0,55,"Everlook",,,,,,,,0xF0000,0x0,
2256,1,618,842,0x0,0,0,0,0,0,60,"Darkwhisper Gorge",,,,,,,,0xF0002,0x0,
2257,369,0,843,0x0,0,0,0,0,0,0,"Deeprun Tram",,,,,,,,0xF0002,0x2,
2258,0,139,844,0x0,0,0,0,0,0,58,"The Fungal Vale",,,,,,,,0xF0002,0x0,
2260,0,139,846,0x0,0,0,0,0,0,54,"The Marris Stead",,,,,,,,0xF0000,0x0,
2261,0,139,847,0x0,0,0,0,0,0,54,"The Undercroft",,,,,,,,0xF0000,0x0,
2262,0,139,848,0x0,0,0,0,0,0,55,"Darrowshire",,,,,,,,0xF0002,0x0,
2263,0,139,849,0x0,0,0,0,0,0,55,"Crown Guard Tower",,,,,,,,0xF0002,0x0,
2264,0,139,850,0x0,0,0,0,0,0,57,"Corin's Crossing",,,,,,,,0xF0002,0x0,
2265,0,139,851,0x0,0,0,0,0,0,0,"Scarlet Base Camp",,,,,,,,0xF0002,0x0,
2266,0,139,852,0x0,0,0,0,0,0,55,"Tyr's Hand",,,,,,,,0xF0002,0x0,
2267,0,139,853,0x0,0,0,0,0,0,0,"The Scarlet Basilica",,,,,,,,0xF0002,0x0,
2268,0,139,854,0x0,0,0,0,0,0,58,"Light's Hope Chapel",,,,,,,,0xF0002,0x0,
2269,0,139,855,0x0,0,0,0,0,0,0,"Browman Mill",,,,,,,,0xF0002,0x0,
2270,0,139,856,0x0,0,0,0,0,0,58,"The Noxious Glade",,,,,,,,0xF0002,0x0,
2271,0,139,857,0x0,0,0,0,0,0,56,"Eastwall Tower",,,,,,,,0xF0002,0x0,
2272,0,139,858,0x0,0,0,0,0,0,58,"Northdale",,,,,,,,0xF0002,0x0,
2273,0,139,859,0x0,0,0,0,0,0,57,"Zul'Mashar",,,,,,,,0xF0002,0x0,
2274,0,139,860,0x0,0,0,0,0,0,0,"Mazra'Alor",,,,,,,,0xF0002,0x0,
2275,0,139,861,0x0,0,0,0,0,0,56,"Northpass Tower",,,,,,,,0xF0002,0x0,
2276,0,139,862,0x0,0,0,0,0,0,59,"Quel'Lithien Lodge",,,,,,,,0xF0002,0x0,
2277,0,139,863,0x0,0,0,0,0,0,55,"Plaguewood",,,,,,,,0xF0002,0x0,
2278,0,139,864,0x0,0,0,0,0,0,0,"Scourgehold",,,,,,,,0xF0000,0x0,
2279,0,139,865,0x40,0,0,37,0,0,55,"Stratholme",,,,,,,,0xF0002,0x0,
2280,0,0,866,0x0,0,0,0,0,0,0,"UNUSED Stratholme",,,,,,,,0xF0000,0x0,
2297,0,28,867,0x0,0,0,0,0,0,55,"Darrowmere Lake",,,,,,,,0xF0002,0x0,
2298,0,28,868,0x0,0,0,0,0,0,55,"Caer Darrow",,,,,,,,0xF0002,0x0,
2299,0,139,869,0x0,0,0,0,0,0,0,"Darrowmere Lake",,,,,,,,0xF0002,0x0,
2300,1,440,870,0x0,0,0,0,0,0,50,"Caverns of Time",,,,,,,,0xF0002,0x0,
2301,1,331,871,0x0,0,0,0,0,0,23,"Thistlefur Village",,,,,,,,0xF0000,0x0,
