long,long,long,None,long,None,None,long,None,None,long,long,None,long,None,None,None,None,None,None,None,flags,long,long,
43,3,0,,0,,,0,,,9784,0,,1,,,,,,,,0xF000E,0,0,
44,3,0,,0,,,0,,,7445,0,,19,,,,,,,,0xF000E,0,0,
64,3,0,,0,,,0,,,7450,0,,35,,,,,,,,0x6F001E,0,0,
66,3,0,,0,,,0,,,7455,0,,45,,,,,,,,0xF001E,0,0,
67,2,0,,1,,,1,,,0,0,,56,,,,,,,,0xF001E,0,0,
69,3,0,,0,,,0,,,7465,0,,66,,,,,,,,0xF001E,0,0,
71,3,0,,0,,,0,,,7477,0,,78,,,,,,,,0xF001E,0,0,
72,3,0,,0,,,0,,,7478,0,,89,,,,,,,,0xF001E,0,0,
73,3,0,,0,,,0,,,7479,0,,100,,,,,,,,0xF001E,0,0,
75,3,0,,0,,,0,,,7472,0,,111,,,,,,,,0xF001E,0,0,
76,3,0,,0,,,0,,,7473,0,,122,,,,,,,,0xF001E,0,0,
78,2,0,,3,,,3,,,0,0,,133,,,,,,,,0xF001E,0,0,
79,3,0,,0,,,0,,,7468,0,,143,,,,,,,,0xF001E,0,0,
82,3,0,,0,,,0,,,7474,0,,156,,,,,,,,0xF001E,0,0,
83,3,0,,0,,,0,,,7475,0,,166,,,,,,,,0xF001E,0,0,
85,4,0,,3,,,3,,,0,0,,176,,,,,,,,0xF001E,0,0,
86,4,0,,8,,,8,,,0,0,,185,,,,,,,,0xF001E,0,0,
89,4,0,,16,,,16,,,0,0,,194,,,,,,,,0xF001E,0,0,
91,3,0,,0,,,0,,,7491,0,,204,,,,,,,,0xF001E,0,0,
92,3,0,,0,,,0,,,7492,0,,215,,,,,,,,0xF001E,0,0,
95,3,0,,0,,,0,,,7495,0,,226,,,,,,,,0xF001E,0,0,
97,3,0,,0,,,0,,,7497,0,,239,,,,,,,,0xF001E,0,0,
98,3,0,,0,,,0,,,7498,0,,252,,,,,,,,0xF001E,0,0,
99,3,0,,0,,,0,,,7499,0,,262,,,,,,,,0xF001E,0,0,
101,3,0,,0,,,0,,,7501,0,,272,,,,,,,,0xF001E,0,0,
104,3,0,,0,,,0,,,7504,0,,282,,,,,,,,0xF001E,0,0,
105,3,0,,0,,,0,,,7505,0,,293,,,,,,,,0xF001E,0,0,
107,3,0,,0,,,0,,,7507,0,,304,,,,,,,,0xF001E,0,0,
108,3,0,,0,,,0,,,7508,0,,316,,,,,,,,0xF001E,0,0,
109,3,0,,0,,,0,,,7509,0,,328,,,,,,,,0xF001E,0,0,
112,3,0,,0,,,0,,,7514,0,,340,,,,,,,,0x6F001E,0,0,
113,3,0,,0,,,0,,,7515,0,,351,,,,,,,,0x6F001E,0,0,
115,3,0,,0,,,0,,,7517,0,,362,,,,,,,,0x6F001E,0,0,
119,2,0,,6,,,6,,,0,0,,373,,,,,,,,0xF001E,0,0,
121,4,0,,20,,,20,,,0,0,,383,,,,,,,,0xF001E,0,0,
122,4,0,,24,,,24,,,0,0,,393,,,,,,,,0xF001E,0,0,
124,1,0,,100,,,100,,,8253,0,,403,,,,,,,,0xF001E,32,3,
127,3,0,,0,,,0,,,7523,0,,423,,,,,,,,0x6F001E,0,0,
128,3,0,,0,,,0,,,7524,0,,438,,,,,,,,0x6F001E,0,0,
129,3,0,,0,,,0,,,7525,0,,453,,,,,,,,0x6F001E,0,0,
134,3,0,,0,,,0,,,7562,0,,468,,,,,,,,0x6F001E,0,0,
137,3,0,,0,,,0,,,7565,0,,494,,,,,,,,0x6F001E,0,0,
139,3,0,,0,,,0,,,7532,0,,520,,,,,,,,0x6F001E,0,0,
140,3,0,,0,,,0,,,7543,0,,534,,,,,,,,0x6F001E,0,0,
141,3,0,,0,,,0,,,7544,0,,548,,,,,,,,0x6F001E,0,0,
148,3,0,,0,,,0,,,7556,0,,562,,,,,,,,0x6F001E,0,0,
150,3,0,,0,,,0,,,7558,0,,587,,,,,,,,0x6F001E,0,0,
151,3,0,,0,,,0,,,7559,0,,612,,,,,,,,0x6F001E,0,0,
154,3,0,,0,,,0,,,7537,0,,637,,,,,,,,0x6F001E,0,0,
155,3,0,,0,,,0,,,7538,0,,650,,,,,,,,0x6F001E,0,0,
156,3,0,,0,,,0,,,7539,0,,663,,,,,,,,0x6F001E,0,0,
158,3,0,,0,,,0,,,7541,0,,676,,,,,,,,0x6F001E,0,0,
161,3,0,,0,,,0,,,7531,0,,689,,,,,,,,0x6F001E,0,0,
162,3,0,,0,,,0,,,7550,0,,713,,,,,,,,0x6F001E,0,0,
163,3,0,,0,,,0,,,7551,0,,737,,,,,,,,0x6F001E,0,0,
169,3,0,,0,,,0,,,7574,0,,761,,,,,,,,0x6F001E,0,0,
171,3,0,,0,,,0,,,7576,0,,777,,,,,,,,0x6F001E,0,0,
194,3,0,,0,,,0,,,7596,0,,793,,,,,,,,0xF001E,0,0,
198,3,0,,0,,,0,,,7600,0,,811,,,,,,,,0x6F001E,0,0,
203,3,0,,0,,,0,,,7617,0,,828,,,,,,,,0x6F001E,0,0,
204,3,0,,0,,,0,,,7618,0,,868,,,,,,,,0x6F001E,0,0,
206,3,0,,0,,,0,,,7675,0,,908,,,,,,,,0x6F001E,0,0,
207,3,0,,0,,,0,,,7676,0,,934,,,,,,,,0xF001E,0,0,
208,3,0,,0,,,0,,,7677,0,,960,,,,,,,,0xF001E,0,0,
211,3,0,,0,,,0,,,7680,0,,986,,,,,,,,0xF001E,0,0,
213,3,0,,0,,,0,,,7683,0,,1012,,,,,,,,0x6F001E,0,0,
214,3,0,,0,,,0,,,7684,0,,1037,,,,,,,,0xF001E,0,0,
216,3,0,,0,,,0,,,7686,0,,1063,,,,,,,,0xF001E,0,0,
220,3,0,,0,,,0,,,7690,0,,1089,,,,,,,,0x6F001E,0,0,
221,3,0,,0,,,0,,,7691,0,,1117,,,,,,,,0xF001E,0,0,
223,3,0,,0,,,0,,,7693,0,,1145,,,,,,,,0xF001E,0,0,
224,3,0,,0,,,0,,,7694,0,,1173,,,,,,,,0xF001E,0,0,
227,3,0,,0,,,0,,,7697,0,,1201,,,,,,,,0x6F001E,0,0,
229,3,0,,0,,,0,,,7699,0,,1228,,,,,,,,0xF001E,0,0,
230,3,0,,0,,,0,,,7700,0,,1255,,,,,,,,0xF001E,0,0,
232,3,0,,0,,,0,,,7702,0,,1282,,,,,,,,0xF001E,0,0,
236,3,0,,0,,,0,,,7706,0,,1309,,,,,,,,0xF001E,0,0,
239,3,0,,0,,,0,,,7710,0,,1337,,,,,,,,0xF001E,0,0,
241,2,0,,2,,,2,,,0,0,,1365,,,,,,,,0xF001E,42,0,
242,3,0,,0,,,0,,,7747,0,,1382,,,,,,,,0xF001E,0,0,
246,3,0,,0,,,0,,,7773,0,,1393,,,,,,,,0x6F001E,0,0,
247,3,0,,0,,,0,,,7778,0,,1402,,,,,,,,0xF001E,0,0,
250,2,0,,1,,,1,,,0,0,,1413,,,,,,,,0xF001E,42,0,
252,3,0,,0,,,0,,,7847,0,,1431,,,,,,,,0x6F001E,0,0,
253,3,0,,0,,,0,,,7849,0,,1441,,,,,,,,0xF001E,0,0,
257,4,0,,10,,,10,,,0,0,,1457,,,,,,,,0xF001E,0,0,
117,2,0,,4,,,4,,,0,0,,1467,,,,,,,,0xF001E,0,0,
132,3,0,,0,,,0,,,7529,0,,1477,,,,,,,,0x6F001E,0,0,
166,3,0,,0,,,0,,,7554,0,,1503,,,,,,,,0x6F001E,0,0,
167,3,0,,0,,,0,,,7534,0,,1527,,,,,,,,0x6F001E,0,0,
182,3,0,,0,,,0,,,7567,0,,1543,,,,,,,,0x6F001E,0,0,
195,3,0,,0,,,0,,,7597,0,,1556,,,,,,,,0x6F001E,0,0,
238,3,0,,0,,,0,,,7708,0,,1573,,,,,,,,0xF001E,0,0,
256,3,0,,0,,,0,,,7852,0,,1601,,,,,,,,0xF001E,0,0,
143,3,0,,0,,,0,,,7546,0,,1617,,,,,,,,0x6F001E,0,0,
68,3,0,,0,,,0,,,7464,0,,1631,,,,,,,,0xF001E,0,0,
263,3,0,,0,,,0,,,8082,0,,1643,,,,,,,,0xF001E,0,0,
264,3,0,,0,,,0,,,8083,0,,1660,,,,,,,,0xF001E,0,0,
265,3,0,,0,,,0,,,8084,0,,1677,,,,,,,,0xF001E,0,0,
199,3,0,,0,,,0,,,7601,0,,1694,,,,,,,,0x6F001E,0,0,
283,1,0,,20,,,20,,,8233,0,,1734,,,,,,,,0xF000E,81,1,
284,1,0,,20,,,20,,,8236,0,,1745,,,,,,,,0xF000E,81,1,
285,1,0,,100,,,100,,,8248,0,,1756,,,,,,,,0xF001E,32,3,
287,3,0,,0,,,0,,,7721,0,,1776,,,,,,,,0xF001E,0,0,
289,3,0,,0,,,0,,,7723,0,,1798,,,,,,,,0xF001E,0,0,
1,3,0,,0,,,0,,,15568,0,,1820,,,,,,,,0xF000E,61,1,
2,1,0,,0,,,0,,,8034,0,,1832,,,,,,,,0xF001E,33,1,
4,1,0,,100,,,100,,,8028,0,,1845,,,,,,,,0xF001E,32,1,
8,1,0,,30,,,30,,,2819,0,,1859,,,,,,,,0xF001E,26,1,
9,1,0,,30,,,30,,,2820,0,,1876,,,,,,,,0xF001E,26,1,
10,1,0,,30,,,30,,,2821,0,,1892,,,,,,,,0xF001E,26,1,
13,2,0,,3,,,3,,,0,0,,1908,,,,,,,,0xF001E,28,0,
15,4,0,,8,,,8,,,0,0,,1921,,,,,,,,0xF000E,0,0,
18,4,0,,32,,,32,,,0,0,,1941,,,,,,,,0xF000E,0,0,
19,2,0,,2,,,2,,,0,0,,1962,,,,,,,,0x6F001E,0,0,
20,2,0,,3,,,3,,,0,0,,1974,,,,,,,,0x6F001E,0,0,
23,1,0,,20,,,20,,,8692,0,,1986,,,,,,,,0xF001E,26,1,
26,1,0,,10,,,10,,,205,0,,2009,,,,,,,,0xF001E,27,0,
27,2,0,,-10,,,-10,,,0,0,,2019,,,,,,,,0x6F001E,0,0,
29,3,0,,0,,,0,,,10400,0,,2028,,,,,,,,0xF000E,61,1,
30,2,0,,1,,,1,,,0,0,,2040,,,,,,,,0x6F001E,0,0,
33,2,0,,3,,,3,,,0,0,,2058,,,,,,,,0x6F001E,0,0,
34,3,0,,0,,,0,,,7217,0,,2076,,,,,,,,0xF001E,0,0,
35,1,0,,20,,,20,,,5760,0,,2107,,,,,,,,0xF000E,26,1,
38,3,0,,0,,,0,,,7427,0,,2127,,,,,,,,0x6F001E,0,0,
40,2,0,,2,,,2,,,0,0,,2144,,,,,,,,0xF001E,28,0,
41,3,0,,0,,,0,,,7419,0,,2157,,,,,,,,0xF001E,0,0,
255,3,0,,0,,,0,,,7851,0,,35,,,,,,,,0xF001E,29,0,
133,3,0,,0,,,0,,,7561,0,,2167,,,,,,,,0x6F001E,0,0,
196,3,0,,0,,,0,,,7598,0,,2193,,,,,,,,0x6F001E,0,0,
219,3,0,,0,,,0,,,7689,0,,2210,,,,,,,,0xF001E,0,0,
5,1,0,,100,,,100,,,8026,0,,2236,,,,,,,,0xF001E,32,1,
3,1,0,,100,,,100,,,8029,0,,2250,,,,,,,,0xF001E,32,1,
12,1,0,,0,,,0,,,8037,0,,2264,,,,,,,,0xF001E,33,1,
16,4,0,,16,,,16,,,0,0,,2277,,,,,,,,0xF000E,0,0,
24,3,0,,0,,,0,,,7442,0,,2298,,,,,,,,0xF001E,0,0,
31,3,0,,0,,,0,,,7433,0,,2306,,,,,,,,0x6F001E,0,0,
37,3,0,,0,,,0,,,7219,0,,2322,,,,,,,,0x6F001E,0,0,
39,3,0,,0,,,0,,,0,0,,2351,,,,,,,,0x6F001E,0,0,
42,1,0,,10,,,30,,,6647,0,,2364,,,,,,,,0xF001E,26,1,
525,1,0,,20,,,20,,,10484,0,,2384,,,,,,,,0xF001E,81,1,
63,3,0,,0,,,0,,,7446,0,,2395,,,,,,,,0xF000E,0,0,
65,3,0,,0,,,0,,,7452,0,,2411,,,,,,,,0xF001E,0,0,
70,3,0,,0,,,0,,,7466,0,,2425,,,,,,,,0xF001E,0,0,
74,3,0,,0,,,0,,,7471,0,,2437,,,,,,,,0xF001E,0,0,
81,3,0,,0,,,0,,,7470,0,,2448,,,,,,,,0xF001E,0,0,
87,4,0,,12,,,12,,,0,0,,2461,,,,,,,,0xF001E,0,0,
93,3,0,,0,,,0,,,7493,0,,2471,,,,,,,,0xF001E,0,0,
102,3,0,,0,,,0,,,7502,0,,2482,,,,,,,,0xF001E,0,0,
111,3,0,,0,,,0,,,7513,0,,2493,,,,,,,,0x6F001E,0,0,
116,3,0,,0,,,0,,,7518,0,,2504,,,,,,,,0x6F001E,0,0,
125,3,0,,0,,,0,,,7520,0,,2515,,,,,,,,0x6F001E,0,0,
131,3,0,,0,,,0,,,7527,0,,2530,,,,,,,,0x6F001E,0,0,
136,3,0,,0,,,0,,,7564,0,,2545,,,,,,,,0x6F001E,0,0,
138,3,0,,0,,,0,,,7566,0,,2571,,,,,,,,0x6F001E,0,0,
144,3,0,,0,,,0,,,7547,0,,2597,,,,,,,,0x6F001E,0,0,
146,3,0,,0,,,0,,,7533,0,,2611,,,,,,,,0x6F001E,0,0,
149,3,0,,0,,,0,,,7557,0,,2636,,,,,,,,0x6F001E,0,0,
152,3,0,,0,,,0,,,7560,0,,2661,,,,,,,,0x6F001E,0,0,
153,3,0,,0,,,0,,,7530,0,,2686,,,,,,,,0x6F001E,0,0,
159,3,0,,0,,,0,,,7542,0,,2699,,,,,,,,0x6F001E,0,0,
165,3,0,,0,,,0,,,7553,0,,2712,,,,,,,,0x6F001E,0,0,
175,3,0,,0,,,0,,,7579,0,,2736,,,,,,,,0x6F001E,0,0,
183,3,0,,0,,,0,,,7568,0,,2749,,,,,,,,0x6F001E,0,0,
189,3,0,,0,,,0,,,7591,0,,2762,,,,,,,,0xF001E,0,0,
290,3,0,,0,,,0,,,7724,0,,2779,,,,,,,,0xF001E,0,0,
291,3,0,,0,,,0,,,7725,0,,2802,,,,,,,,0xF001E,0,0,
292,3,0,,0,,,0,,,7726,0,,2825,,,,,,,,0xF001E,0,0,
564,1,0,,20,,,20,,,10610,0,,2848,,,,,,,,0xF000E,81,3,
584,3,3,,0,,,0,,,7471,7468,,2865,,,,,,,,0xF001E,0,0,
625,1,0,,20,,,20,,,11337,0,,2891,,,,,,,,0xF001E,26,1,
197,3,0,,0,,,0,,,7599,0,,2909,,,,,,,,0x6F001E,0,0,
202,3,0,,0,,,0,,,7616,0,,2926,,,,,,,,0x6F001E,0,0,
205,3,0,,0,,,0,,,7619,0,,2966,,,,,,,,0x6F001E,0,0,
209,3,0,,0,,,0,,,7678,0,,3006,,,,,,,,0xF001E,0,0,
212,3,0,,0,,,0,,,7681,0,,3032,,,,,,,,0xF001E,0,0,
200,3,0,,0,,,0,,,7614,0,,3059,,,,,,,,0x6F001E,0,0,
288,3,0,,0,,,0,,,7722,0,,3099,,,,,,,,0xF001E,0,0,
7,1,0,,30,,,30,,,2818,0,,3121,,,,,,,,0xF000E,26,1,
11,1,0,,30,,,30,,,2822,0,,3135,,,,,,,,0xF001E,26,1,
14,2,0,,4,,,4,,,0,0,,3151,,,,,,,,0xF001E,28,0,
17,4,0,,24,,,24,,,0,0,,3164,,,,,,,,0xF000E,0,0,
22,1,0,,30,,,30,,,3409,0,,3185,,,,,,,,0xF001E,26,1,
25,1,0,,15,,,15,,,705,0,,3202,,,,,,,,0xF001E,1,0,
28,3,0,,0,,,0,,,7438,0,,3213,,,,,,,,0x6F001E,0,0,
32,2,0,,2,,,2,,,0,0,,3228,,,,,,,,0x6F001E,0,0,
36,1,0,,15,,,15,,,6297,0,,3246,,,,,,,,0xF001E,0,0,
77,2,0,,2,,,2,,,0,0,,3260,,,,,,,,0xF001E,0,0,
80,3,0,,0,,,0,,,7469,0,,3270,,,,,,,,0xF001E,0,0,
84,3,0,,0,,,0,,,7476,0,,3283,,,,,,,,0xF001E,0,0,
88,0,0,,0,,,0,,,0,0,,0,,,,,,,,0x6F0000,0,0,
325,1,0,,20,,,20,,,8689,0,,3293,,,,,,,,0xF001E,26,1,
427,3,0,,0,,,0,,,9396,0,,3312,,,,,,,,0xF001E,0,0,
444,3,0,,0,,,0,,,9410,0,,3337,,,,,,,,0xF001E,0,0,
603,1,0,,30,,,30,,,11201,0,,3366,,,,,,,,0xF001E,26,1,
90,3,0,,0,,,0,,,7490,0,,3386,,,,,,,,0xF001E,0,0,
94,3,0,,0,,,0,,,7494,0,,3397,,,,,,,,0xF001E,0,0,
96,3,0,,0,,,0,,,7496,0,,3410,,,,,,,,0xF001E,0,0,
100,3,0,,0,,,0,,,7500,0,,3423,,,,,,,,0xF001E,0,0,
106,3,0,,0,,,0,,,7506,0,,3433,,,,,,,,0xF001E,0,0,
110,3,0,,0,,,0,,,7511,0,,3445,,,,,,,,0x6F001E,0,0,
114,3,0,,0,,,0,,,7516,0,,3456,,,,,,,,0x6F001E,0,0,
215,3,0,,0,,,0,,,7685,0,,3467,,,,,,,,0xF001E,0,0,
218,3,0,,0,,,0,,,7688,0,,3493,,,,,,,,0xF001E,0,0,
222,3,0,,0,,,0,,,7692,0,,3518,,,,,,,,0xF001E,0,0,
225,3,0,,0,,,0,,,7695,0,,3546,,,,,,,,0xF001E,0,0,
228,3,0,,0,,,0,,,7698,0,,3574,,,,,,,,0xF001E,0,0,
442,3,0,,0,,,0,,,9408,0,,3601,,,,,,,,0xF001E,0,0,
448,3,0,,0,,,0,,,9414,0,,3628,,,,,,,,0xF001E,0,0,
118,2,0,,5,,,5,,,0,0,,3657,,,,,,,,0xF001E,0,0,
145,3,0,,0,,,0,,,7548,0,,3667,,,,,,,,0x6F001E,0,0,
181,3,0,,0,,,0,,,7535,0,,3681,,,,,,,,0x6F001E,0,0,
303,0,0,,0,,,0,,,0,0,,3694,,,,,,,,0xF000E,32,3,
323,1,0,,20,,,20,,,8680,0,,3706,,,,,,,,0xF001E,26,1,
343,3,0,,0,,,0,,,9098,0,,3721,,,,,,,,0xF001E,0,0,
345,4,0,,40,,,40,,,0,0,,3732,,,,,,,,0xF001E,0,0,
346,4,0,,36,,,36,,,0,0,,3742,,,,,,,,0xF001E,0,0,
347,4,0,,44,,,44,,,0,0,,3752,,,,,,,,0xF001E,0,0,
350,3,0,,0,,,0,,,9104,0,,3762,,,,,,,,0xF001E,0,0,
352,3,0,,0,,,0,,,9103,0,,3775,,,,,,,,0xF001E,0,0,
353,3,0,,0,,,0,,,9114,0,,3787,,,,,,,,0xF001E,0,0,
355,3,0,,0,,,0,,,9110,0,,3798,,,,,,,,0xF001E,0,0,
356,3,0,,0,,,0,,,9115,0,,3808,,,,,,,,0xF001E,0,0,
359,3,0,,0,,,0,,,9106,0,,3819,,,,,,,,0xF001E,0,0,
360,3,0,,0,,,0,,,9111,0,,3833,,,,,,,,0xF001E,0,0,
363,3,0,,0,,,0,,,9101,0,,3844,,,,,,,,0xF001E,0,0,
366,3,0,,0,,,0,,,9118,0,,3856,,,,,,,,0xF001E,0,0,
367,3,0,,0,,,0,,,9122,0,,3868,,,,,,,,0xF001E,0,0,
369,3,0,,0,,,0,,,9108,0,,3881,,,,,,,,0xF001E,0,0,
370,3,0,,0,,,0,,,9113,0,,3895,,,,,,,,0xF001E,0,0,
386,4,0,,79,,,81,,,0,0,,194,,,,,,,,0xF001E,0,0,
388,4,0,,84,,,85,,,0,0,,3906,,,,,,,,0xF001E,0,0,
404,3,0,,0,,,0,,,9259,0,,3916,,,,,,,,0xF001E,0,0,
405,3,0,,0,,,0,,,9260,0,,3928,,,,,,,,0xF001E,0,0,
408,3,0,,0,,,0,,,9263,0,,3942,,,,,,,,0xF001E,0,0,
409,3,0,,0,,,0,,,9264,0,,3953,,,,,,,,0xF001E,0,0,
411,3,0,,0,,,0,,,9265,0,,3965,,,,,,,,0xF001E,0,0,
412,3,0,,0,,,0,,,9267,0,,3977,,,,,,,,0xF001E,0,0,
429,3,0,,0,,,0,,,9398,0,,3990,,,,,,,,0xF001E,0,0,
431,3,0,,0,,,0,,,9416,0,,4015,,,,,,,,0xF001E,0,0,
432,3,0,,0,,,0,,,9417,0,,4040,,,,,,,,0xF001E,0,0,
439,3,0,,0,,,0,,,9404,0,,4066,,,,,,,,0xF001E,0,0,
484,2,0,,6,,,6,,,0,0,,4094,,,,,,,,0xF001E,0,0,
523,1,0,,100,,,100,,,10445,0,,4106,,,,,,,,0xF001E,32,1,
623,1,0,,20,,,20,,,11335,0,,4120,,,,,,,,0xF001E,26,1,
624,1,0,,20,,,20,,,11336,0,,4138,,,,,,,,0xF001E,26,1,
626,1,0,,30,,,30,,,11353,0,,4155,,,,,,,,0xF001E,26,1,
663,2,0,,5,,,5,,,0,0,,4173,,,,,,,,0xF001E,0,0,
703,1,0,,30,,,30,,,13218,0,,4191,,,,,,,,0xF001E,26,1,
704,1,0,,30,,,30,,,13222,0,,4204,,,,,,,,0xF001E,26,1,
705,1,0,,30,,,30,,,13223,0,,4220,,,,,,,,0xF001E,26,1,
706,1,0,,30,,,30,,,13224,0,,4237,,,,,,,,0xF001E,26,1,
142,3,0,,0,,,0,,,7545,0,,4253,,,,,,,,0x6F001E,0,0,
147,3,0,,0,,,0,,,7555,0,,4267,,,,,,,,0x6F001E,0,0,
266,3,0,,0,,,0,,,8085,0,,4292,,,,,,,,0xF001E,0,0,
172,3,0,,0,,,0,,,7577,0,,4310,,,,,,,,0x6F001E,0,0,
173,3,0,,0,,,0,,,7578,0,,4326,,,,,,,,0x6F001E,0,0,
176,3,0,,0,,,0,,,7580,0,,4342,,,,,,,,0x6F001E,0,0,
178,3,0,,0,,,0,,,7582,0,,4355,,,,,,,,0x6F001E,0,0,
179,3,0,,0,,,0,,,7583,0,,4368,,,,,,,,0x6F001E,0,0,
184,3,0,,0,,,0,,,7569,0,,4381,,,,,,,,0x6F001E,0,0,
185,3,0,,0,,,0,,,7570,0,,4394,,,,,,,,0x6F001E,0,0,
187,3,0,,0,,,0,,,7572,0,,4407,,,,,,,,0x6F001E,0,0,
188,3,0,,0,,,0,,,7590,0,,4420,,,,,,,,0xF001E,0,0,
191,3,0,,0,,,0,,,7593,0,,4437,,,,,,,,0xF001E,0,0,
192,3,0,,0,,,0,,,7594,0,,4454,,,,,,,,0xF001E,0,0,
372,3,0,,0,,,0,,,9123,0,,4472,,,,,,,,0xF001E,0,0,
383,4,0,,52,,,52,,,0,0,,4485,,,,,,,,0xF001E,0,0,
384,4,0,,56,,,56,,,0,0,,4495,,,,,,,,0xF001E,0,0,
385,4,0,,60,,,60,,,0,0,,4505,,,,,,,,0xF001E,0,0,
389,4,0,,87,,,88,,,0,0,,4515,,,,,,,,0xF001E,0,0,
423,3,0,,0,,,0,,,9392,0,,4525,,,,,,,,0xF001E,0,0,
425,3,0,,0,,,0,,,9394,0,,4550,,,,,,,,0xF001E,0,0,
426,3,0,,0,,,0,,,9395,0,,4575,,,,,,,,0xF001E,0,0,
433,3,0,,0,,,0,,,9399,0,,4600,,,,,,,,0xF001E,0,0,
435,3,0,,0,,,0,,,9401,0,,4625,,,,,,,,0xF001E,0,0,
436,3,0,,0,,,0,,,9405,0,,4651,,,,,,,,0xF001E,0,0,
437,3,0,,0,,,0,,,9402,0,,4668,,,,,,,,0xF001E,0,0,
438,3,0,,0,,,0,,,9403,0,,4696,,,,,,,,0xF001E,0,0,
440,3,0,,0,,,0,,,9406,0,,4724,,,,,,,,0xF001E,0,0,
441,3,0,,0,,,0,,,9407,0,,4751,,,,,,,,0xF001E,0,0,
443,3,0,,0,,,0,,,9409,0,,4778,,,,,,,,0xF001E,0,0,
445,3,0,,0,,,0,,,9411,0,,4807,,,,,,,,0xF001E,0,0,
446,3,0,,0,,,0,,,9412,0,,4836,,,,,,,,0xF001E,0,0,
447,3,0,,0,,,0,,,9413,0,,4865,,,,,,,,0xF001E,0,0,
463,3,0,,0,,,0,,,9782,0,,4894,,,,,,,,0xF000E,0,0,
483,2,0,,6,,,6,,,0,0,,4916,,,,,,,,0xF001E,0,0,
503,3,0,,0,,,0,,,15569,0,,4929,,,,,,,,0xF000E,61,1,
351,3,0,,0,,,0,,,9109,0,,4941,,,,,,,,0xF001E,0,0,
354,3,0,,0,,,0,,,9105,0,,4951,,,,,,,,0xF001E,0,0,
358,3,0,,0,,,0,,,9100,0,,4964,,,,,,,,0xF001E,0,0,
361,3,0,,0,,,0,,,9117,0,,4976,,,,,,,,0xF001E,0,0,
543,1,0,,100,,,100,,,10523,0,,4988,,,,,,,,0xF001E,32,3,
563,1,0,,20,,,20,,,10608,0,,5008,,,,,,,,0xF000E,81,3,
583,3,3,,0,,,0,,,7471,7474,,5025,,,,,,,,0xF001E,0,0,
587,3,3,,0,,,0,,,7468,7474,,5048,,,,,,,,0xF001E,0,0,
588,3,3,,0,,,0,,,7468,7477,,5073,,,,,,,,0xF001E,0,0,
590,3,3,,0,,,0,,,7474,7477,,5099,,,,,,,,0xF001E,0,0,
591,3,3,,0,,,0,,,7474,7464,,5122,,,,,,,,0xF001E,0,0,
664,2,0,,7,,,7,,,0,0,,5146,,,,,,,,0xF001E,0,0,
365,3,0,,0,,,0,,,9112,0,,5164,,,,,,,,0xF001E,0,0,
368,3,0,,0,,,0,,,9102,0,,5175,,,,,,,,0xF001E,0,0,
371,3,0,,0,,,0,,,9119,0,,5187,,,,,,,,0xF001E,0,0,
403,3,0,,0,,,0,,,9258,0,,5199,,,,,,,,0xF001E,0,0,
406,3,0,,0,,,0,,,9261,0,,5211,,,,,,,,0xF001E,0,0,
410,3,0,,0,,,0,,,9266,0,,5225,,,,,,,,0xF001E,0,0,
424,3,0,,0,,,0,,,9393,0,,5238,,,,,,,,0xF001E,0,0,
430,3,0,,0,,,0,,,9415,0,,5263,,,,,,,,0xF001E,0,0,
434,3,0,,0,,,0,,,9400,0,,5288,,,,,,,,0xF001E,0,0,
193,3,0,,0,,,0,,,7595,0,,5313,,,,,,,,0xF001E,0,0,
201,3,0,,0,,,0,,,7615,0,,5331,,,,,,,,0x6F001E,0,0,
210,3,0,,0,,,0,,,7679,0,,5371,,,,,,,,0xF001E,0,0,
217,3,0,,0,,,0,,,7687,0,,5397,,,,,,,,0xF001E,0,0,
226,3,0,,0,,,0,,,7696,0,,5423,,,,,,,,0xF001E,0,0,
233,3,0,,0,,,0,,,7703,0,,5452,,,,,,,,0xF001E,0,0,
234,3,0,,0,,,0,,,7704,0,,5480,,,,,,,,0x6F001E,0,0,
524,1,0,,0,,,0,,,10458,0,,5508,,,,,,,,0xF001E,33,1,
235,3,0,,0,,,0,,,7705,0,,5521,,,,,,,,0xF001E,0,0,
286,3,0,,0,,,0,,,7711,0,,5549,,,,,,,,0xF001E,0,0,
683,3,0,,0,,,0,,,16312,0,,5571,,,,,,,,0xF000E,61,1,
684,3,0,,0,,,0,,,13198,0,,5583,,,,,,,,0xF001E,0,0,
240,3,0,,0,,,0,,,7709,0,,5596,,,,,,,,0xF001E,0,0,
243,3,0,,0,,,0,,,7456,0,,5625,,,,,,,,0xF001E,0,0,
245,4,0,,5,,,5,,,0,0,,5635,,,,,,,,0x6F001E,0,0,
248,3,0,,0,,,0,,,7780,0,,5644,,,,,,,,0xF001E,0,0,
249,3,0,,0,,,0,,,7784,0,,5656,,,,,,,,0xF001E,31,0,
251,3,0,,0,,,0,,,7792,0,,5672,,,,,,,,0xF001E,30,0,
254,3,0,,0,,,0,,,7850,0,,5685,,,,,,,,0xF001E,0,0,
428,3,0,,0,,,0,,,9397,0,,5696,,,,,,,,0xF001E,0,0,
763,3,0,,0,,,0,,,13462,0,,5721,,,,,,,,0xF001E,0,0,
906,3,0,,0,,,0,,,13838,0,,5731,,,,,,,,0xF001E,0,0,
1023,1,0,,0,,,0,,,6347,0,,5741,,,,,,,,0xF001E,107,1,
1046,3,0,,0,,,0,,,14491,0,,5752,,,,,,,,0xF001E,0,0,
1047,3,0,,0,,,0,,,14492,0,,5765,,,,,,,,0xF001E,0,0,
1050,3,0,,0,,,0,,,14495,0,,5778,,,,,,,,0xF001E,0,0,
1051,3,0,,0,,,0,,,14496,0,,5791,,,,,,,,0xF001E,0,0,
1052,3,0,,0,,,0,,,14497,0,,5804,,,,,,,,0xF001E,0,0,
1053,3,0,,0,,,0,,,14498,0,,5817,,,,,,,,0xF001E,0,0,
1056,3,0,,0,,,0,,,14501,0,,5830,,,,,,,,0xF001E,0,0,
1057,3,0,,0,,,0,,,14502,0,,5843,,,,,,,,0xF001E,0,0,
1058,3,0,,0,,,0,,,14503,0,,5856,,,,,,,,0xF001E,0,0,
1059,3,0,,0,,,0,,,14504,0,,5869,,,,,,,,0xF001E,0,0,
1060,3,0,,0,,,0,,,14505,0,,5882,,,,,,,,0xF001E,0,0,
1062,3,0,,0,,,0,,,14507,0,,5895,,,,,,,,0xF001E,0,0,
1064,3,0,,0,,,0,,,14509,0,,5908,,,,,,,,0xF001E,0,0,
1065,3,0,,0,,,0,,,14510,0,,5921,,,,,,,,0xF001E,0,0,
1066,3,0,,0,,,0,,,14511,0,,5934,,,,,,,,0xF001E,0,0,
1072,3,0,,0,,,0,,,14466,0,,5947,,,,,,,,0xF001E,0,0,
1075,3,0,,0,,,0,,,14469,0,,5959,,,,,,,,0xF001E,0,0,
1122,3,0,,0,,,0,,,14409,0,,5971,,,,,,,,0xF001E,0,0,
1126,3,0,,0,,,0,,,14413,0,,5985,,,,,,,,0xF001E,0,0,
1130,3,0,,0,,,0,,,14417,0,,5999,,,,,,,,0xF001E,0,0,
1131,3,0,,0,,,0,,,14418,0,,6013,,,,,,,,0xF001E,0,0,
1132,3,0,,0,,,0,,,14419,0,,6027,,,,,,,,0xF001E,0,0,
1136,3,0,,0,,,0,,,14423,0,,6041,,,,,,,,0xF001E,0,0,
1137,3,0,,0,,,0,,,14424,0,,6055,,,,,,,,0xF001E,0,0,
1138,3,0,,0,,,0,,,14425,0,,6069,,,,,,,,0xF001E,0,0,
1139,3,0,,0,,,0,,,14426,0,,6083,,,,,,,,0xF001E,0,0,
1140,3,0,,0,,,0,,,14427,0,,6097,,,,,,,,0xF001E,0,0,
963,2,0,,7,,,7,,,0,0,,6111,,,,,,,,0xF001E,2,0,
983,3,0,,0,,,0,,,14330,0,,6128,,,,,,,,0xF001E,0,0,
1143,3,0,,0,,,0,,,14430,0,,6140,,,,,,,,0xF001E,0,0,
1144,3,0,,0,,,0,,,14433,0,,6154,,,,,,,,0xF001E,0,0,
1146,3,0,,0,,,0,,,14436,0,,6165,,,,,,,,0xF001E,0,0,
1147,3,0,,0,,,0,,,14437,0,,6176,,,,,,,,0xF001E,0,0,
1150,3,0,,0,,,0,,,14440,0,,6187,,,,,,,,0xF001E,0,0,
1151,3,0,,0,,,0,,,14441,0,,6198,,,,,,,,0xF001E,0,0,
1153,3,0,,0,,,0,,,14444,0,,6209,,,,,,,,0xF001E,0,0,
1154,3,0,,0,,,0,,,14447,0,,6220,,,,,,,,0xF001E,0,0,
1155,3,0,,0,,,0,,,14448,0,,6231,,,,,,,,0xF001E,0,0,
1158,3,0,,0,,,0,,,14451,0,,6242,,,,,,,,0xF001E,0,0,
1160,3,0,,0,,,0,,,14453,0,,6253,,,,,,,,0xF001E,0,0,
1161,3,0,,0,,,0,,,14454,0,,6264,,,,,,,,0xF001E,0,0,
1162,3,0,,0,,,0,,,14455,0,,6275,,,,,,,,0xF001E,0,0,
1163,3,0,,0,,,0,,,14456,0,,6286,,,,,,,,0xF001E,0,0,
1164,3,0,,0,,,0,,,14457,0,,6297,,,,,,,,0xF001E,0,0,
1166,3,0,,0,,,0,,,14459,0,,6308,,,,,,,,0xF001E,0,0,
1168,3,0,,0,,,0,,,14461,0,,6319,,,,,,,,0xF001E,0,0,
1183,3,0,,0,,,0,,,14934,0,,6330,,,,,,,,0xF001E,0,0,
1204,3,0,,0,,,0,,,14960,0,,6341,,,,,,,,0xF001E,0,0,
1206,3,0,,0,,,0,,,14962,0,,6354,,,,,,,,0xF001E,0,0,
1207,3,0,,0,,,0,,,14963,0,,6367,,,,,,,,0xF001E,0,0,
1210,3,0,,0,,,0,,,14954,0,,6380,,,,,,,,0xF001E,0,0,
1213,3,0,,0,,,0,,,14957,0,,6392,,,,,,,,0xF001E,0,0,
1215,3,0,,0,,,0,,,14935,0,,6404,,,,,,,,0xF001E,0,0,
1219,3,0,,0,,,0,,,14939,0,,6416,,,,,,,,0xF001E,0,0,
1220,3,0,,0,,,0,,,14940,0,,6428,,,,,,,,0xF001E,0,0,
1221,3,0,,0,,,0,,,14941,0,,6440,,,,,,,,0xF001E,0,0,
1222,3,0,,0,,,0,,,14942,0,,6454,,,,,,,,0xF001E,0,0,
1223,3,0,,0,,,0,,,14943,0,,6468,,,,,,,,0xF001E,0,0,
1224,3,0,,0,,,0,,,14944,0,,6482,,,,,,,,0xF001E,0,0,
1227,3,0,,0,,,0,,,14947,0,,6496,,,,,,,,0xF001E,0,0,
1228,3,0,,0,,,0,,,14948,0,,6507,,,,,,,,0xF001E,0,0,
1229,3,0,,0,,,0,,,14949,0,,6518,,,,,,,,0xF001E,0,0,
1231,3,0,,0,,,0,,,14951,0,,6529,,,,,,,,0xF001E,0,0,
1244,3,0,,0,,,0,,,14704,0,,6540,,,,,,,,0xF001E,0,0,
723,3,0,,0,,,0,,,13363,0,,6557,,,,,,,,0xF001E,29,0,
120,2,0,,7,,,7,,,0,0,,6570,,,,,,,,0xF001E,0,0,
123,4,0,,28,,,28,,,0,0,,6580,,,,,,,,0xF001E,0,0,
126,3,0,,0,,,0,,,7522,0,,6590,,,,,,,,0x6F001E,0,0,
130,3,0,,0,,,0,,,7526,0,,6605,,,,,,,,0x6F001E,0,0,
135,3,0,,0,,,0,,,7563,0,,6620,,,,,,,,0x6F001E,0,0,
157,3,0,,0,,,0,,,7540,0,,6646,,,,,,,,0x6F001E,0,0,
160,3,0,,0,,,0,,,7549,0,,6659,,,,,,,,0x6F001E,0,0,
164,3,0,,0,,,0,,,7552,0,,6683,,,,,,,,0x6F001E,0,0,
170,3,0,,0,,,0,,,7575,0,,6707,,,,,,,,0x6F001E,0,0,
174,3,0,,0,,,0,,,7536,0,,6723,,,,,,,,0x6F001E,0,0,
177,3,0,,0,,,0,,,7581,0,,6736,,,,,,,,0x6F001E,0,0,
180,3,0,,0,,,0,,,7584,0,,6749,,,,,,,,0x6F001E,0,0,
186,3,0,,0,,,0,,,7571,0,,6762,,,,,,,,0x6F001E,0,0,
190,3,0,,0,,,0,,,7592,0,,6775,,,,,,,,0xF001E,0,0,
344,4,0,,32,,,32,,,0,0,,6792,,,,,,,,0xF001E,0,0,
348,4,0,,48,,,48,,,0,0,,6802,,,,,,,,0xF001E,0,0,
1302,3,0,,0,,,0,,,14553,0,,6812,,,,,,,,0xF001E,0,0,
1304,3,0,,0,,,0,,,14556,0,,6829,,,,,,,,0xF001E,0,0,
1306,3,0,,0,,,0,,,14580,0,,6846,,,,,,,,0xF001E,0,0,
1307,3,0,,0,,,0,,,14558,0,,6863,,,,,,,,0xF001E,0,0,
1310,3,0,,0,,,0,,,14561,0,,6880,,,,,,,,0xF001E,0,0,
1311,3,0,,0,,,0,,,14562,0,,6897,,,,,,,,0xF001E,0,0,
1312,3,0,,0,,,0,,,14581,0,,6914,,,,,,,,0xF001E,0,0,
1315,3,0,,0,,,0,,,14566,0,,6931,,,,,,,,0xF001E,0,0,
1318,3,0,,0,,,0,,,14569,0,,6948,,,,,,,,0xF001E,0,0,
1319,3,0,,0,,,0,,,14570,0,,6965,,,,,,,,0xF001E,0,0,
1320,3,0,,0,,,0,,,14571,0,,6982,,,,,,,,0xF001E,0,0,
1321,3,0,,0,,,0,,,14572,0,,6999,,,,,,,,0xF001E,0,0,
1324,3,0,,0,,,0,,,14575,0,,7016,,,,,,,,0xF001E,0,0,
1326,3,0,,0,,,0,,,14577,0,,7033,,,,,,,,0xF001E,0,0,
1329,3,0,,0,,,0,,,14977,0,,7050,,,,,,,,0xF001E,0,0,
1331,3,0,,0,,,0,,,14979,0,,7067,,,,,,,,0xF001E,0,0,
1333,3,0,,0,,,0,,,14981,0,,7084,,,,,,,,0xF001E,0,0,
1336,3,0,,0,,,0,,,14582,0,,7101,,,,,,,,0xF001E,0,0,
1338,3,0,,0,,,0,,,14584,0,,7116,,,,,,,,0xF001E,0,0,
1339,3,0,,0,,,0,,,14585,0,,7131,,,,,,,,0xF001E,0,0,
1340,3,0,,0,,,0,,,14586,0,,7146,,,,,,,,0xF001E,0,0,
1346,3,0,,0,,,0,,,14592,0,,7161,,,,,,,,0xF001E,0,0,
1348,3,0,,0,,,0,,,14594,0,,7177,,,,,,,,0xF001E,0,0,
1349,3,0,,0,,,0,,,14595,0,,7193,,,,,,,,0xF001E,0,0,
1351,3,0,,0,,,0,,,14597,0,,7209,,,,,,,,0xF001E,0,0,
1353,3,0,,0,,,0,,,14599,0,,7225,,,,,,,,0xF001E,0,0,
1356,3,0,,0,,,0,,,14602,0,,7241,,,,,,,,0xF001E,0,0,
1358,3,0,,0,,,0,,,14604,0,,7257,,,,,,,,0xF001E,0,0,
1359,3,0,,0,,,0,,,14605,0,,7273,,,,,,,,0xF001E,0,0,
1362,3,0,,0,,,0,,,14608,0,,7289,,,,,,,,0xF001E,0,0,
724,3,0,,0,,,0,,,13369,0,,7305,,,,,,,,0xF001E,0,0,
1365,3,0,,0,,,0,,,14611,0,,7316,,,,,,,,0xF001E,0,0,
1366,3,0,,0,,,0,,,14612,0,,7332,,,,,,,,0xF001E,0,0,
1369,3,0,,0,,,0,,,14615,0,,7348,,,,,,,,0xF001E,0,0,
1370,3,0,,0,,,0,,,14616,0,,7364,,,,,,,,0xF001E,0,0,
1373,3,0,,0,,,0,,,14619,0,,7380,,,,,,,,0xF001E,0,0,
1374,3,0,,0,,,0,,,14620,0,,7396,,,,,,,,0xF001E,0,0,
1376,3,0,,0,,,0,,,14972,0,,7412,,,,,,,,0xF001E,0,0,
1379,3,0,,0,,,0,,,14975,0,,7428,,,,,,,,0xF001E,0,0,
1380,3,0,,0,,,0,,,14976,0,,7444,,,,,,,,0xF001E,0,0,
1381,3,0,,0,,,0,,,14622,0,,7460,,,,,,,,0xF001E,0,0,
1382,3,0,,0,,,0,,,14623,0,,7477,,,,,,,,0xF001E,0,0,
1383,3,0,,0,,,0,,,14624,0,,7494,,,,,,,,0xF001E,0,0,
1386,3,0,,0,,,0,,,14631,0,,7511,,,,,,,,0xF001E,0,0,
1388,3,0,,0,,,0,,,14628,0,,7528,,,,,,,,0xF001E,0,0,
1390,3,0,,0,,,0,,,14630,0,,7545,,,,,,,,0xF001E,0,0,
1391,3,0,,0,,,0,,,14632,0,,7563,,,,,,,,0xF001E,0,0,
1396,3,0,,0,,,0,,,14637,0,,7581,,,,,,,,0xF001E,0,0,
1397,3,0,,0,,,0,,,14638,0,,7599,,,,,,,,0xF001E,0,0,
1398,3,0,,0,,,0,,,14639,0,,7617,,,,,,,,0xF001E,0,0,
1400,3,0,,0,,,0,,,14641,0,,7635,,,,,,,,0xF001E,0,0,
1401,3,0,,0,,,0,,,14643,0,,7653,,,,,,,,0xF001E,0,0,
1407,3,0,,0,,,0,,,14649,0,,7671,,,,,,,,0xF001E,0,0,
1409,3,0,,0,,,0,,,14651,0,,7689,,,,,,,,0xF001E,0,0,
1410,3,0,,0,,,0,,,14652,0,,7707,,,,,,,,0xF001E,0,0,
1416,3,0,,0,,,0,,,14658,0,,7725,,,,,,,,0xF001E,0,0,
1417,3,0,,0,,,0,,,14659,0,,7743,,,,,,,,0xF001E,0,0,
1419,3,0,,0,,,0,,,14661,0,,7761,,,,,,,,0xF001E,0,0,
1420,3,0,,0,,,0,,,14662,0,,7779,,,,,,,,0xF001E,0,0,
1423,3,0,,0,,,0,,,14986,0,,7797,,,,,,,,0xF001E,0,0,
743,3,0,,0,,,0,,,13418,0,,7815,,,,,,,,0xF001E,0,0,
844,3,0,,0,,,0,,,13611,0,,7826,,,,,,,,0xF001E,0,0,
850,3,0,,0,,,0,,,13639,0,,7836,,,,,,,,0xF001E,0,0,
851,3,0,,0,,,0,,,13368,0,,7847,,,,,,,,0xF001E,0,0,
852,3,0,,0,,,0,,,13370,0,,7857,,,,,,,,0xF001E,0,0,
853,3,0,,0,,,0,,,13650,0,,7868,,,,,,,,0xF001E,31,0,
856,3,0,,0,,,0,,,13372,0,,7884,,,,,,,,0xF001E,0,0,
857,3,0,,0,,,0,,,13664,0,,7896,,,,,,,,0xF001E,0,0,
863,3,0,,0,,,0,,,13690,0,,7905,,,,,,,,0xF001E,0,0,
866,3,0,,0,,,0,,,13625,0,,7918,,,,,,,,0xF001E,0,0,
884,4,0,,50,,,50,,,0,0,,7931,,,,,,,,0xF000E,0,0,
911,3,0,,0,,,0,,,13889,0,,7941,,,,,,,,0xF001E,0,0,
913,3,0,,0,,,0,,,13918,0,,7962,,,,,,,,0xF001E,0,0,
924,3,0,,0,,,0,,,7427,0,,7971,,,,,,,,0xF001E,0,0,
927,3,0,,0,,,0,,,13828,0,,7982,,,,,,,,0xF001E,0,0,
931,3,0,,0,,,0,,,13928,0,,7994,,,,,,,,0xF001E,0,0,
1424,3,0,,0,,,0,,,14987,0,,8011,,,,,,,,0xF001E,0,0,
1425,3,0,,0,,,0,,,14988,0,,8029,,,,,,,,0xF001E,0,0,
1426,3,0,,0,,,0,,,14989,0,,8047,,,,,,,,0xF001E,0,0,
1429,3,0,,0,,,0,,,14666,0,,8065,,,,,,,,0xF001E,0,0,
1430,3,0,,0,,,0,,,14667,0,,8082,,,,,,,,0xF001E,0,0,
1432,3,0,,0,,,0,,,14669,0,,8099,,,,,,,,0xF001E,0,0,
1433,3,0,,0,,,0,,,14670,0,,8116,,,,,,,,0xF001E,0,0,
1437,3,0,,0,,,0,,,14674,0,,8133,,,,,,,,0xF001E,0,0,
1439,3,0,,0,,,0,,,14676,0,,8151,,,,,,,,0xF001E,0,0,
1441,3,0,,0,,,0,,,14678,0,,8169,,,,,,,,0xF001E,0,0,
1443,3,0,,0,,,0,,,14680,0,,8187,,,,,,,,0xF001E,0,0,
1445,3,0,,0,,,0,,,14682,0,,8205,,,,,,,,0xF001E,0,0,
1447,3,0,,0,,,0,,,14684,0,,8223,,,,,,,,0xF001E,0,0,
1448,3,0,,0,,,0,,,14685,0,,8241,,,,,,,,0xF001E,0,0,
805,2,0,,5,,,5,,,0,0,,8259,,,,,,,,0xF001E,2,0,
864,2,0,,4,,,4,,,0,0,,8276,,,,,,,,0xF001E,2,0,
904,3,0,,0,,,0,,,13365,0,,8293,,,,,,,,0xF001E,0,0,
1003,1,0,,20,,,20,,,14795,0,,8304,,,,,,,,0xF001C,26,0,
1043,3,0,,0,,,0,,,14488,0,,8321,,,,,,,,0xF001E,0,0,
1044,3,0,,0,,,0,,,14489,0,,8334,,,,,,,,0xF001E,0,0,
1068,3,0,,0,,,0,,,14462,0,,8347,,,,,,,,0xF001E,0,0,
1073,3,0,,0,,,0,,,14467,0,,8359,,,,,,,,0xF001E,0,0,
1074,3,0,,0,,,0,,,14468,0,,8371,,,,,,,,0xF001E,0,0,
1076,3,0,,0,,,0,,,14470,0,,8383,,,,,,,,0xF001E,0,0,
1079,3,0,,0,,,0,,,14473,0,,8395,,,,,,,,0xF001E,0,0,
1081,3,0,,0,,,0,,,14475,0,,8407,,,,,,,,0xF001E,0,0,
1082,3,0,,0,,,0,,,14476,0,,8419,,,,,,,,0xF001E,0,0,
1083,3,0,,0,,,0,,,14477,0,,8431,,,,,,,,0xF001E,0,0,
1084,3,0,,0,,,0,,,14478,0,,8443,,,,,,,,0xF001E,0,0,
1086,3,0,,0,,,0,,,14480,0,,8455,,,,,,,,0xF001E,0,0,
1088,3,0,,0,,,0,,,14482,0,,8467,,,,,,,,0xF001E,0,0,
1089,3,0,,0,,,0,,,14483,0,,8479,,,,,,,,0xF001E,0,0,
1090,3,0,,0,,,0,,,14484,0,,8491,,,,,,,,0xF001E,0,0,
1092,3,0,,0,,,0,,,14486,0,,8503,,,,,,,,0xF001E,0,0,
1093,3,0,,0,,,0,,,14487,0,,8515,,,,,,,,0xF001E,0,0,
1097,3,0,,0,,,0,,,14384,0,,8527,,,,,,,,0xF001E,0,0,
1100,3,0,,0,,,0,,,14387,0,,8539,,,,,,,,0xF001E,0,0,
1101,3,0,,0,,,0,,,14388,0,,8551,,,,,,,,0xF001E,0,0,
1102,3,0,,0,,,0,,,14389,0,,8563,,,,,,,,0xF001E,0,0,
1103,3,0,,0,,,0,,,14390,0,,8575,,,,,,,,0xF001E,0,0,
1107,3,0,,0,,,0,,,14394,0,,8587,,,,,,,,0xF001E,0,0,
1108,3,0,,0,,,0,,,14395,0,,8599,,,,,,,,0xF001E,0,0,
1109,3,0,,0,,,0,,,14396,0,,8611,,,,,,,,0xF001E,0,0,
1110,3,0,,0,,,0,,,14397,0,,8623,,,,,,,,0xF001E,0,0,
1112,3,0,,0,,,0,,,14399,0,,8635,,,,,,,,0xF001E,0,0,
1113,3,0,,0,,,0,,,14400,0,,8647,,,,,,,,0xF001E,0,0,
1116,3,0,,0,,,0,,,14403,0,,8659,,,,,,,,0xF001E,0,0,
1118,3,0,,0,,,0,,,14405,0,,8671,,,,,,,,0xF001E,0,0,
1120,3,0,,0,,,0,,,14407,0,,8685,,,,,,,,0xF001E,0,0,
1124,3,0,,0,,,0,,,14411,0,,8699,,,,,,,,0xF001E,0,0,
324,1,0,,20,,,20,,,8685,0,,8713,,,,,,,,0xF001E,26,1,
349,3,0,,0,,,0,,,9099,0,,8731,,,,,,,,0xF001E,0,0,
357,3,0,,0,,,0,,,9120,0,,8742,,,,,,,,0xF001E,0,0,
364,3,0,,0,,,0,,,9107,0,,8754,,,,,,,,0xF001E,0,0,
407,3,0,,0,,,0,,,9262,0,,8768,,,,,,,,0xF001E,0,0,
1626,3,0,,0,,,0,,,15831,0,,8779,,,,,,,,0xF000E,0,0,
1763,0,0,,0,,,0,,,0,0,,8796,,,,,,,,0xF0002,33,0,
1803,1,0,,0,,,0,,,17809,0,,8807,,,,,,,,0xF0002,32,3,
1350,3,0,,0,,,0,,,14596,0,,8819,,,,,,,,0xF001E,0,0,
1070,3,0,,0,,,0,,,14464,0,,8835,,,,,,,,0xF001E,0,0,
1450,3,0,,0,,,0,,,14687,0,,8847,,,,,,,,0xF001E,0,0,
1451,3,0,,0,,,0,,,14688,0,,8865,,,,,,,,0xF001E,0,0,
1452,3,0,,0,,,0,,,14689,0,,8883,,,,,,,,0xF001E,0,0,
1453,3,0,,0,,,0,,,14690,0,,8901,,,,,,,,0xF001E,0,0,
1454,3,0,,0,,,0,,,14691,0,,8919,,,,,,,,0xF001E,0,0,
1455,3,0,,0,,,0,,,14692,0,,8937,,,,,,,,0xF001E,0,0,
1456,3,0,,0,,,0,,,14693,0,,8955,,,,,,,,0xF001E,0,0,
1458,3,0,,0,,,0,,,14695,0,,8973,,,,,,,,0xF001E,0,0,
1459,3,0,,0,,,0,,,14696,0,,8991,,,,,,,,0xF001E,0,0,
1460,3,0,,0,,,0,,,14703,0,,9009,,,,,,,,0xF001E,0,0,
1461,3,0,,0,,,0,,,14697,0,,9027,,,,,,,,0xF001E,0,0,
1462,3,0,,0,,,0,,,14698,0,,9045,,,,,,,,0xF001E,0,0,
1463,3,0,,0,,,0,,,14699,0,,9063,,,,,,,,0xF001E,0,0,
1465,3,0,,0,,,0,,,14701,0,,9081,,,,,,,,0xF001E,0,0,
1466,3,0,,0,,,0,,,14702,0,,9099,,,,,,,,0xF001E,0,0,
1467,3,0,,0,,,0,,,14990,0,,9117,,,,,,,,0xF001E,0,0,
1469,3,0,,0,,,0,,,14992,0,,9135,,,,,,,,0xF001E,0,0,
1470,3,0,,0,,,0,,,14993,0,,9153,,,,,,,,0xF001E,0,0,
1471,3,0,,0,,,0,,,14994,0,,9171,,,,,,,,0xF001E,0,0,
1472,3,0,,0,,,0,,,14995,0,,9189,,,,,,,,0xF001E,0,0,
6,3,0,,0,,,0,,,15567,0,,9207,,,,,,,,0xF000E,61,1,
464,3,0,,0,,,0,,,7215,0,,9219,,,,,,,,0xF000E,0,0,
1316,3,0,,0,,,0,,,14567,0,,9233,,,,,,,,0xF001E,0,0,
1337,3,0,,0,,,0,,,14583,0,,9250,,,,,,,,0xF001E,0,0,
1378,3,0,,0,,,0,,,14974,0,,9265,,,,,,,,0xF001E,0,0,
1384,3,0,,0,,,0,,,14625,0,,9281,,,,,,,,0xF001E,0,0,
1392,3,0,,0,,,0,,,14633,0,,9298,,,,,,,,0xF001E,0,0,
643,1,0,,20,,,20,,,11398,0,,9316,,,,,,,,0xF001E,26,1,
1303,3,0,,0,,,0,,,14555,0,,9340,,,,,,,,0xF001E,0,0,
1322,3,0,,0,,,0,,,14573,0,,9357,,,,,,,,0xF001E,0,0,
1330,3,0,,0,,,0,,,14978,0,,9374,,,,,,,,0xF001E,0,0,
1345,3,0,,0,,,0,,,14591,0,,9391,,,,,,,,0xF001E,0,0,
1352,3,0,,0,,,0,,,14598,0,,9407,,,,,,,,0xF001E,0,0,
1361,3,0,,0,,,0,,,14607,0,,9423,,,,,,,,0xF001E,0,0,
803,1,0,,0,,,0,,,13897,0,,9439,,,,,,,,0xF001E,25,0,
1414,3,0,,0,,,0,,,14656,0,,9452,,,,,,,,0xF001E,0,0,
849,3,0,,0,,,0,,,13364,0,,9470,,,,,,,,0xF001E,0,0,
1428,3,0,,0,,,0,,,14665,0,,9481,,,,,,,,0xF001E,0,0,
1434,3,0,,0,,,0,,,14671,0,,9498,,,,,,,,0xF001E,0,0,
925,3,0,,0,,,0,,,13930,0,,2493,,,,,,,,0xF000E,0,0,
1069,3,0,,0,,,0,,,14463,0,,9515,,,,,,,,0xF001E,0,0,
1078,3,0,,0,,,0,,,14472,0,,9527,,,,,,,,0xF001E,0,0,
1085,3,0,,0,,,0,,,14479,0,,9539,,,,,,,,0xF001E,0,0,
1091,3,0,,0,,,0,,,14485,0,,9551,,,,,,,,0xF001E,0,0,
1104,3,0,,0,,,0,,,14391,0,,9563,,,,,,,,0xF001E,0,0,
1111,3,0,,0,,,0,,,14398,0,,9575,,,,,,,,0xF001E,0,0,
1119,3,0,,0,,,0,,,14406,0,,9587,,,,,,,,0xF001E,0,0,
804,3,0,,0,,,0,,,13523,0,,9601,,,,,,,,0xF001E,0,0,
1145,3,0,,0,,,0,,,14435,0,,9619,,,,,,,,0xF001E,0,0,
1152,3,0,,0,,,0,,,14442,0,,9630,,,,,,,,0xF001E,0,0,
1159,3,0,,0,,,0,,,14452,0,,9641,,,,,,,,0xF001E,0,0,
1165,3,0,,0,,,0,,,14458,0,,9652,,,,,,,,0xF001E,0,0,
1218,3,0,,0,,,0,,,14938,0,,9663,,,,,,,,0xF001E,0,0,
1225,3,0,,0,,,0,,,14945,0,,9675,,,,,,,,0xF001E,0,0,
1506,3,0,,0,,,0,,,15396,0,,9689,,,,,,,,0xF000E,0,0,
1507,3,0,,0,,,0,,,15399,0,,9696,,,,,,,,0xF000E,0,0,
1508,3,0,,0,,,0,,,15401,0,,9703,,,,,,,,0xF000E,0,0,
1510,3,0,,0,,,0,,,15405,0,,9710,,,,,,,,0xF000E,0,0,
1523,3,0,,0,,,0,,,15408,0,,9717,,,,,,,,0xF000E,0,0,
1525,3,0,,0,,,0,,,15437,0,,9732,,,,,,,,0xF000E,0,0,
1527,3,0,,0,,,0,,,15442,0,,9746,,,,,,,,0xF000E,0,0,
1528,3,0,,0,,,0,,,15445,0,,9760,,,,,,,,0xF000E,0,0,
1529,3,0,,0,,,0,,,15447,0,,9774,,,,,,,,0xF000E,0,0,
1531,3,0,,0,,,0,,,15461,0,,9788,,,,,,,,0xF000E,0,0,
1532,3,3,,0,,,0,,,15462,15461,,9803,,,,,,,,0xF000E,0,0,
1563,3,0,,0,,,0,,,9136,0,,9831,,,,,,,,0xF000E,0,0,
1663,3,0,,0,,,0,,,16311,0,,9847,,,,,,,,0xF000E,61,1,
1664,3,0,,0,,,0,,,16313,0,,9859,,,,,,,,0xF000E,61,1,
1665,1,0,,100,,,100,,,16343,0,,9871,,,,,,,,0xF000E,32,1,
1666,1,0,,100,,,100,,,16344,0,,9885,,,,,,,,0xF000E,32,1,
1667,1,0,,0,,,0,,,16352,0,,9899,,,,,,,,0xF000E,33,1,
1669,1,0,,20,,,20,,,16361,0,,9912,,,,,,,,0xF000E,81,1,
244,3,0,,0,,,0,,,7768,0,,9923,,,,,,,,0x6F001E,0,0,
21,2,0,,4,,,4,,,0,0,,9936,,,,,,,,0xF001E,0,0,
168,3,0,,0,,,0,,,7573,0,,9948,,,,,,,,0x6F001E,0,0,
231,3,0,,0,,,0,,,7701,0,,9964,,,,,,,,0xF001E,0,0,
362,3,0,,0,,,0,,,9121,0,,9991,,,,,,,,0xF001E,0,0,
237,3,0,,0,,,0,,,7707,0,,10004,,,,,,,,0xF001E,0,0,
1117,3,0,,0,,,0,,,14404,0,,10032,,,,,,,,0xF001E,0,0,
1230,3,0,,0,,,0,,,14950,0,,10044,,,,,,,,0xF001E,0,0,
1273,3,0,,0,,,0,,,14733,0,,10055,,,,,,,,0xF001E,0,0,
1279,3,0,,0,,,0,,,14739,0,,10073,,,,,,,,0xF001E,0,0,
1232,3,0,,0,,,0,,,14952,0,,10091,,,,,,,,0xF001E,0,0,
823,3,0,,0,,,0,,,13371,0,,10102,,,,,,,,0xF001E,0,0,
1249,3,0,,0,,,0,,,14709,0,,10114,,,,,,,,0xF001E,0,0,
1255,3,0,,0,,,0,,,14715,0,,10131,,,,,,,,0xF001E,0,0,
1297,3,0,,0,,,0,,,14549,0,,10149,,,,,,,,0xF001E,0,0,
1503,3,0,,0,,,0,,,15388,0,,10165,,,,,,,,0xF000E,0,0,
504,2,0,,80,,,80,,,0,0,,10173,,,,,,,,0xF000E,61,1,
585,3,3,,0,,,0,,,7471,7477,,10187,,,,,,,,0xF001E,0,0,
592,3,3,,0,,,0,,,7477,7464,,10211,,,,,,,,0xF001E,0,0,
627,1,0,,30,,,30,,,11354,0,,10236,,,,,,,,0xF001E,26,1,
1305,3,0,,0,,,0,,,14557,0,,10253,,,,,,,,0xF001E,0,0,
1314,3,0,,0,,,0,,,14564,0,,10270,,,,,,,,0xF001E,0,0,
1323,3,0,,0,,,0,,,14574,0,,10287,,,,,,,,0xF001E,0,0,
1332,3,0,,0,,,0,,,14980,0,,10304,,,,,,,,0xF001E,0,0,
1343,3,0,,0,,,0,,,14589,0,,10321,,,,,,,,0xF001E,0,0,
1355,3,0,,0,,,0,,,14601,0,,10336,,,,,,,,0xF001E,0,0,
1364,3,0,,0,,,0,,,14610,0,,10352,,,,,,,,0xF001E,0,0,
1367,3,0,,0,,,0,,,14613,0,,10368,,,,,,,,0xF001E,0,0,
1375,3,0,,0,,,0,,,14971,0,,10384,,,,,,,,0xF001E,0,0,
1385,3,0,,0,,,0,,,14626,0,,10400,,,,,,,,0xF001E,0,0,
1394,3,0,,0,,,0,,,14635,0,,10417,,,,,,,,0xF001E,0,0,
1404,3,0,,0,,,0,,,14646,0,,10435,,,,,,,,0xF001E,0,0,
1413,3,0,,0,,,0,,,14655,0,,10453,,,,,,,,0xF001E,0,0,
848,4,0,,30,,,30,,,0,0,,10471,,,,,,,,0xF001E,0,0,
855,3,0,,0,,,0,,,13652,0,,10481,,,,,,,,0xF001E,0,0,
905,3,0,,0,,,0,,,13366,0,,10497,,,,,,,,0xF001E,0,0,
908,3,0,,0,,,0,,,13862,0,,10510,,,,,,,,0xF001E,0,0,
923,3,0,,0,,,0,,,13922,0,,340,,,,,,,,0xF000E,0,0,
926,3,0,,0,,,0,,,13923,0,,10521,,,,,,,,0xF001E,0,0,
928,3,0,,0,,,0,,,13824,0,,10541,,,,,,,,0xF001E,0,0,
1427,3,0,,0,,,0,,,14663,0,,10554,,,,,,,,0xF001E,0,0,
1436,3,0,,0,,,0,,,14673,0,,10571,,,,,,,,0xF001E,0,0,
1440,3,0,,0,,,0,,,14677,0,,10589,,,,,,,,0xF001E,0,0,
1444,3,0,,0,,,0,,,14681,0,,10607,,,,,,,,0xF001E,0,0,
1446,3,0,,0,,,0,,,14683,0,,10625,,,,,,,,0xF001E,0,0,
843,3,0,,0,,,0,,,13606,0,,10643,,,,,,,,0xF001E,0,0,
845,3,0,,0,,,0,,,13614,0,,10652,,,,,,,,0xF001E,0,0,
1045,3,0,,0,,,0,,,14490,0,,10665,,,,,,,,0xF001E,0,0,
1077,3,0,,0,,,0,,,14471,0,,10678,,,,,,,,0xF001E,0,0,
1087,3,0,,0,,,0,,,14481,0,,10690,,,,,,,,0xF001E,0,0,
1095,3,0,,0,,,0,,,14371,0,,10702,,,,,,,,0xF001E,0,0,
1105,3,0,,0,,,0,,,14392,0,,10714,,,,,,,,0xF001E,0,0,
1114,3,0,,0,,,0,,,14401,0,,10726,,,,,,,,0xF001E,0,0,
1125,3,0,,0,,,0,,,14412,0,,10738,,,,,,,,0xF001E,0,0,
909,3,0,,0,,,0,,,13839,0,,10752,,,,,,,,0xF001E,0,0,
1055,3,0,,0,,,0,,,14500,0,,10765,,,,,,,,0xF001E,0,0,
1063,3,0,,0,,,0,,,14508,0,,10778,,,,,,,,0xF001E,0,0,
1123,3,0,,0,,,0,,,14410,0,,10791,,,,,,,,0xF001E,0,0,
1135,3,0,,0,,,0,,,14422,0,,10805,,,,,,,,0xF001E,0,0,
883,3,0,,0,,,0,,,13735,0,,10819,,,,,,,,0xF001E,0,0,
1148,3,0,,0,,,0,,,14438,0,,10831,,,,,,,,0xF001E,0,0,
1157,3,0,,0,,,0,,,14450,0,,10842,,,,,,,,0xF001E,0,0,
1245,3,0,,0,,,0,,,14705,0,,10853,,,,,,,,0xF001E,0,0,
783,4,0,,10,,,10,,,0,0,,1457,,,,,,,,0xF001E,0,0,
1251,3,0,,0,,,0,,,14711,0,,10870,,,,,,,,0xF001E,0,0,
1259,3,0,,0,,,0,,,14719,0,,10887,,,,,,,,0xF001E,0,0,
1298,3,0,,0,,,0,,,14550,0,,10905,,,,,,,,0xF001E,0,0,
1504,3,0,,0,,,0,,,15390,0,,10922,,,,,,,,0xF000E,0,0,
1505,3,0,,0,,,0,,,15393,0,,10930,,,,,,,,0xF000E,0,0,
943,2,0,,3,,,3,,,0,0,,10946,,,,,,,,0xF001E,42,0,
1246,3,0,,0,,,0,,,14706,0,,10963,,,,,,,,0xF001E,0,0,
1247,3,0,,0,,,0,,,14707,0,,10980,,,,,,,,0xF001E,0,0,
1248,3,0,,0,,,0,,,14708,0,,10997,,,,,,,,0xF001E,0,0,
1252,3,0,,0,,,0,,,14712,0,,11014,,,,,,,,0xF001E,0,0,
1253,3,0,,0,,,0,,,14713,0,,11032,,,,,,,,0xF001E,0,0,
1254,3,0,,0,,,0,,,14714,0,,11050,,,,,,,,0xF001E,0,0,
1257,3,0,,0,,,0,,,14717,0,,11068,,,,,,,,0xF001E,0,0,
1260,3,0,,0,,,0,,,14720,0,,11086,,,,,,,,0xF001E,0,0,
1262,3,0,,0,,,0,,,14722,0,,11104,,,,,,,,0xF001E,0,0,
1263,3,0,,0,,,0,,,14723,0,,11122,,,,,,,,0xF001E,0,0,
1264,3,0,,0,,,0,,,14724,0,,11140,,,,,,,,0xF001E,0,0,
1266,3,0,,0,,,0,,,14726,0,,11158,,,,,,,,0xF001E,0,0,
1269,3,0,,0,,,0,,,14729,0,,11176,,,,,,,,0xF001E,0,0,
1270,3,0,,0,,,0,,,14730,0,,11194,,,,,,,,0xF001E,0,0,
1272,3,0,,0,,,0,,,14732,0,,11212,,,,,,,,0xF001E,0,0,
1277,3,0,,0,,,0,,,14737,0,,11230,,,,,,,,0xF001E,0,0,
1280,3,0,,0,,,0,,,14740,0,,11248,,,,,,,,0xF001E,0,0,
1281,3,0,,0,,,0,,,14741,0,,11266,,,,,,,,0xF001E,0,0,
1283,3,0,,0,,,0,,,14965,0,,11284,,,,,,,,0xF001E,0,0,
1285,3,0,,0,,,0,,,14967,0,,11302,,,,,,,,0xF001E,0,0,
1287,3,0,,0,,,0,,,14969,0,,11320,,,,,,,,0xF001E,0,0,
1290,3,0,,0,,,0,,,14542,0,,11338,,,,,,,,0xF001E,0,0,
1291,3,0,,0,,,0,,,14544,0,,11354,,,,,,,,0xF001E,0,0,
1292,3,0,,0,,,0,,,14545,0,,11370,,,,,,,,0xF001E,0,0,
1296,3,0,,0,,,0,,,14548,0,,11386,,,,,,,,0xF001E,0,0,
1300,3,0,,0,,,0,,,14552,0,,11402,,,,,,,,0xF001E,0,0,
1301,3,0,,0,,,0,,,14554,0,,11419,,,,,,,,0xF001E,0,0,
1783,1,0,,20,,,20,,,8516,0,,11436,,,,,,,,0xF0002,81,3,
1823,1,0,,0,,,0,,,17933,0,,11453,,,,,,,,0xF0002,32,3,
1824,1,0,,0,,,0,,,17934,0,,11465,,,,,,,,0xF0002,32,3,
1825,1,0,,0,,,0,,,17935,0,,11477,,,,,,,,0xF0002,32,3,
1438,3,0,,0,,,0,,,14675,0,,11489,,,,,,,,0xF001E,0,0,
1256,3,0,,0,,,0,,,14716,0,,11507,,,,,,,,0xF001E,0,0,
586,3,3,,0,,,0,,,7471,7464,,11525,,,,,,,,0xF001E,0,0,
589,3,3,,0,,,0,,,7468,7464,,11550,,,,,,,,0xF001E,0,0,
1149,3,0,,0,,,0,,,14439,0,,11577,,,,,,,,0xF001E,0,0,
1309,3,0,,0,,,0,,,14560,0,,11588,,,,,,,,0xF001E,0,0,
1048,3,0,,0,,,0,,,14493,0,,11605,,,,,,,,0xF001E,0,0,
1098,3,0,,0,,,0,,,14385,0,,11618,,,,,,,,0xF001E,0,0,
1313,3,0,,0,,,0,,,14563,0,,11630,,,,,,,,0xF001E,0,0,
1405,3,0,,0,,,0,,,14647,0,,11647,,,,,,,,0xF001E,0,0,
1106,3,0,,0,,,0,,,14393,0,,11665,,,,,,,,0xF001E,0,0,
1133,3,0,,0,,,0,,,14420,0,,11677,,,,,,,,0xF001E,0,0,
1274,3,0,,0,,,0,,,14734,0,,11691,,,,,,,,0xF001E,0,0,
1372,3,0,,0,,,0,,,14618,0,,11709,,,,,,,,0xF001E,0,0,
1464,3,0,,0,,,0,,,14700,0,,11725,,,,,,,,0xF001E,0,0,
1418,3,0,,0,,,0,,,14660,0,,11743,,,,,,,,0xF001E,0,0,
1328,3,0,,0,,,0,,,14579,0,,11761,,,,,,,,0xF001E,0,0,
1203,3,0,,0,,,0,,,14959,0,,11778,,,,,,,,0xF001E,0,0,
1214,3,0,,0,,,0,,,14958,0,,11791,,,,,,,,0xF001E,0,0,
1431,3,0,,0,,,0,,,14668,0,,11803,,,,,,,,0xF001E,0,0,
1294,3,0,,0,,,0,,,14543,0,,11820,,,,,,,,0xF001E,0,0,
903,3,0,,0,,,0,,,13796,0,,11836,,,,,,,,0xF001E,0,0,
929,3,0,,0,,,0,,,13827,0,,11850,,,,,,,,0xF001E,0,0,
744,4,0,,20,,,20,,,0,0,,11861,,,,,,,,0xF001E,0,0,
1308,3,0,,0,,,0,,,14559,0,,11871,,,,,,,,0xF001E,0,0,
1325,3,0,,0,,,0,,,14576,0,,11888,,,,,,,,0xF001E,0,0,
1344,3,0,,0,,,0,,,14590,0,,11905,,,,,,,,0xF001E,0,0,
1483,3,0,,0,,,0,,,15345,0,,11921,,,,,,,,0xF000E,0,0,
1583,3,0,,0,,,0,,,9137,0,,11931,,,,,,,,0xF000E,0,0,
1585,3,0,,0,,,0,,,9139,0,,11947,,,,,,,,0xF000E,0,0,
1586,3,0,,0,,,0,,,9140,0,,11963,,,,,,,,0xF000E,0,0,
1587,3,0,,0,,,0,,,9141,0,,11980,,,,,,,,0xF000E,0,0,
1589,3,0,,0,,,0,,,9329,0,,11997,,,,,,,,0xF000E,0,0,
1590,3,0,,0,,,0,,,9330,0,,12014,,,,,,,,0xF000E,0,0,
1591,3,0,,0,,,0,,,9331,0,,12031,,,,,,,,0xF000E,0,0,
1592,3,0,,0,,,0,,,9332,0,,12048,,,,,,,,0xF000E,0,0,
1594,3,0,,0,,,0,,,9334,0,,12065,,,,,,,,0xF000E,0,0,
1595,3,0,,0,,,0,,,9335,0,,12082,,,,,,,,0xF000E,0,0,
1596,3,0,,0,,,0,,,9336,0,,12099,,,,,,,,0xF000E,0,0,
1597,3,0,,0,,,0,,,15807,0,,12116,,,,,,,,0xF000E,0,0,
1599,3,0,,0,,,0,,,14089,0,,12133,,,,,,,,0xF000E,0,0,
1600,3,0,,0,,,0,,,15808,0,,12150,,,,,,,,0xF000E,0,0,
1601,3,0,,0,,,0,,,14049,0,,12167,,,,,,,,0xF000E,0,0,
1604,3,0,,0,,,0,,,15811,0,,12184,,,,,,,,0xF000E,0,0,
1605,3,0,,0,,,0,,,9333,0,,12201,,,,,,,,0xF000E,0,0,
1606,3,0,,0,,,0,,,14056,0,,12218,,,,,,,,0xF000E,0,0,
1608,3,0,,0,,,0,,,15813,0,,12235,,,,,,,,0xF000E,0,0,
1610,3,0,,0,,,0,,,15815,0,,12252,,,,,,,,0xF000E,0,0,
1612,3,0,,0,,,0,,,15816,0,,12269,,,,,,,,0xF000E,0,0,
1613,3,0,,0,,,0,,,15817,0,,12286,,,,,,,,0xF000E,0,0,
1614,3,0,,0,,,0,,,15818,0,,12303,,,,,,,,0xF000E,0,0,
1617,3,0,,0,,,0,,,15821,0,,12320,,,,,,,,0xF000E,0,0,
1618,3,0,,0,,,0,,,15823,0,,12337,,,,,,,,0xF000E,0,0,
1620,3,0,,0,,,0,,,15825,0,,12354,,,,,,,,0xF000E,0,0,
1622,3,0,,0,,,0,,,15827,0,,12371,,,,,,,,0xF000E,0,0,
1624,3,0,,0,,,0,,,15829,0,,12388,,,,,,,,0xF000E,0,0,
1625,3,0,,0,,,0,,,15830,0,,12405,,,,,,,,0xF000E,0,0,
1286,3,0,,0,,,0,,,14968,0,,12422,,,,,,,,0xF001E,0,0,
1293,3,0,,0,,,0,,,14546,0,,12440,,,,,,,,0xF001E,0,0,
1299,3,0,,0,,,0,,,14551,0,,12456,,,,,,,,0xF001E,0,0,
1327,3,0,,0,,,0,,,14578,0,,12473,,,,,,,,0xF001E,0,0,
1389,3,0,,0,,,0,,,14629,0,,12490,,,,,,,,0xF001E,0,0,
1395,3,0,,0,,,0,,,14636,0,,12507,,,,,,,,0xF001E,0,0,
1402,3,0,,0,,,0,,,14644,0,,12525,,,,,,,,0xF001E,0,0,
1408,3,0,,0,,,0,,,14650,0,,12543,,,,,,,,0xF001E,0,0,
1415,3,0,,0,,,0,,,14657,0,,12561,,,,,,,,0xF001E,0,0,
1422,3,0,,0,,,0,,,14985,0,,12579,,,,,,,,0xF001E,0,0,
103,3,0,,0,,,0,,,7503,0,,12597,,,,,,,,0xF001E,0,0,
1342,3,0,,0,,,0,,,14588,0,,12608,,,,,,,,0xF001E,0,0,
1368,3,0,,0,,,0,,,14614,0,,12623,,,,,,,,0xF001E,0,0,
1412,3,0,,0,,,0,,,14654,0,,12639,,,,,,,,0xF001E,0,0,
910,3,0,,0,,,0,,,13840,0,,12657,,,,,,,,0xF001E,0,0,
1094,3,0,,0,,,0,,,14369,0,,12668,,,,,,,,0xF001E,0,0,
387,4,0,,81,,,82,,,0,0,,12680,,,,,,,,0xF001E,0,0,
1142,3,0,,0,,,0,,,14429,0,,12690,,,,,,,,0xF001E,0,0,
1212,3,0,,0,,,0,,,14956,0,,12704,,,,,,,,0xF001E,0,0,
1271,3,0,,0,,,0,,,14731,0,,12716,,,,,,,,0xF001E,0,0,
1703,2,0,,8,,,8,,,0,0,,12734,,,,,,,,0xF000E,0,0,
1723,1,0,,0,,,0,,,16870,0,,12746,,,,,,,,0xF0002,26,1,
1743,1,0,,1,,,1,,,13441,0,,12762,,,,,,,,0xF0002,32,0,
1317,3,0,,0,,,0,,,14568,0,,12779,,,,,,,,0xF001E,0,0,
1335,3,0,,0,,,0,,,14540,0,,12796,,,,,,,,0xF001E,0,0,
1357,3,0,,0,,,0,,,14603,0,,12811,,,,,,,,0xF001E,0,0,
1371,3,0,,0,,,0,,,14617,0,,12827,,,,,,,,0xF001E,0,0,
1387,3,0,,0,,,0,,,14627,0,,12843,,,,,,,,0xF001E,0,0,
1403,3,0,,0,,,0,,,14645,0,,12860,,,,,,,,0xF001E,0,0,
930,3,0,,0,,,0,,,13927,0,,12878,,,,,,,,0xF001E,0,0,
1442,3,0,,0,,,0,,,14679,0,,12905,,,,,,,,0xF001E,0,0,
1071,3,0,,0,,,0,,,14465,0,,12923,,,,,,,,0xF001E,0,0,
1096,3,0,,0,,,0,,,14383,0,,12935,,,,,,,,0xF001E,0,0,
1121,3,0,,0,,,0,,,14408,0,,12947,,,,,,,,0xF001E,0,0,
1049,3,0,,0,,,0,,,14494,0,,12961,,,,,,,,0xF001E,0,0,
1129,3,0,,0,,,0,,,14416,0,,12974,,,,,,,,0xF001E,0,0,
847,3,0,,0,,,0,,,13624,0,,12988,,,,,,,,0xF001E,0,0,
1209,3,0,,0,,,0,,,14953,0,,13001,,,,,,,,0xF001E,0,0,
1243,3,0,,0,,,0,,,14664,0,,13013,,,,,,,,0xF001E,0,0,
846,3,0,,0,,,0,,,13615,0,,13030,,,,,,,,0xF001E,0,0,
1258,3,0,,0,,,0,,,14718,0,,13041,,,,,,,,0xF001E,0,0,
1276,3,0,,0,,,0,,,14736,0,,13059,,,,,,,,0xF001E,0,0,
1295,3,0,,0,,,0,,,14547,0,,13077,,,,,,,,0xF001E,0,0,
1584,3,0,,0,,,0,,,9138,0,,13093,,,,,,,,0xF000E,0,0,
1588,3,0,,0,,,0,,,9142,0,,13109,,,,,,,,0xF000E,0,0,
1593,3,0,,0,,,0,,,14027,0,,13126,,,,,,,,0xF000E,0,0,
1598,3,0,,0,,,0,,,15806,0,,13143,,,,,,,,0xF000E,0,0,
1602,3,0,,0,,,0,,,15809,0,,13160,,,,,,,,0xF000E,0,0,
1609,3,0,,0,,,0,,,15814,0,,13177,,,,,,,,0xF000E,0,0,
1616,3,0,,0,,,0,,,15820,0,,13194,,,,,,,,0xF000E,0,0,
1621,3,0,,0,,,0,,,15826,0,,13211,,,,,,,,0xF000E,0,0,
1054,3,0,,0,,,0,,,14499,0,,13228,,,,,,,,0xF001E,0,0,
1061,3,0,,0,,,0,,,14506,0,,13241,,,,,,,,0xF001E,0,0,
1067,3,0,,0,,,0,,,14512,0,,13254,,,,,,,,0xF001E,0,0,
1128,3,0,,0,,,0,,,14415,0,,13267,,,,,,,,0xF001E,0,0,
1134,3,0,,0,,,0,,,14421,0,,13281,,,,,,,,0xF001E,0,0,
1141,3,0,,0,,,0,,,14428,0,,13295,,,,,,,,0xF001E,0,0,
1268,3,0,,0,,,0,,,14728,0,,13309,,,,,,,,0xF001E,0,0,
1278,3,0,,0,,,0,,,14738,0,,13327,,,,,,,,0xF001E,0,0,
1288,3,0,,0,,,0,,,14970,0,,13345,,,,,,,,0xF001E,0,0,
1643,2,0,,8,,,8,,,0,0,,13363,,,,,,,,0xF000E,0,0,
1683,1,0,,100,,,100,,,16389,0,,13376,,,,,,,,0xF000E,32,3,
1334,3,0,,0,,,0,,,14982,0,,13396,,,,,,,,0xF001E,0,0,
1341,3,0,,0,,,0,,,14587,0,,13413,,,,,,,,0xF001E,0,0,
1347,3,0,,0,,,0,,,14593,0,,13428,,,,,,,,0xF001E,0,0,
1354,3,0,,0,,,0,,,14600,0,,13444,,,,,,,,0xF001E,0,0,
1360,3,0,,0,,,0,,,14606,0,,13460,,,,,,,,0xF001E,0,0,
1363,3,0,,0,,,0,,,14609,0,,13476,,,,,,,,0xF001E,0,0,
1377,3,0,,0,,,0,,,14973,0,,13492,,,,,,,,0xF001E,0,0,
1393,3,0,,0,,,0,,,14634,0,,13508,,,,,,,,0xF001E,0,0,
1411,3,0,,0,,,0,,,14653,0,,13526,,,,,,,,0xF001E,0,0,
912,1,0,,0,,,0,,,13907,0,,13544,,,,,,,,0xF000E,25,0,
1435,3,0,,0,,,0,,,14672,0,,13557,,,,,,,,0xF001E,0,0,
1449,3,0,,0,,,0,,,14686,0,,13574,,,,,,,,0xF001E,0,0,
1265,3,0,,0,,,0,,,14725,0,,13592,,,,,,,,0xF001E,0,0,
1284,3,0,,0,,,0,,,14966,0,,13610,,,,,,,,0xF001E,0,0,
1603,3,0,,0,,,0,,,15810,0,,13628,,,,,,,,0xF000E,0,0,
1607,3,0,,0,,,0,,,15812,0,,13645,,,,,,,,0xF000E,0,0,
1611,3,0,,0,,,0,,,14052,0,,13662,,,,,,,,0xF000E,0,0,
1615,3,0,,0,,,0,,,15819,0,,13679,,,,,,,,0xF000E,0,0,
1619,3,0,,0,,,0,,,15824,0,,13696,,,,,,,,0xF000E,0,0,
1623,3,0,,0,,,0,,,15828,0,,13713,,,,,,,,0xF000E,0,0,
1627,3,0,,0,,,0,,,15832,0,,13730,,,,,,,,0xF000E,0,0,
1457,3,0,,0,,,0,,,14694,0,,13747,,,,,,,,0xF001E,0,0,
1468,3,0,,0,,,0,,,14991,0,,13765,,,,,,,,0xF001E,0,0,
1399,3,0,,0,,,0,,,14640,0,,13783,,,,,,,,0xF001E,0,0,
1406,3,0,,0,,,0,,,14648,0,,13801,,,,,,,,0xF001E,0,0,
1421,3,0,,0,,,0,,,14984,0,,13819,,,,,,,,0xF001E,0,0,
854,3,0,,0,,,0,,,13651,0,,13837,,,,,,,,0xF001E,31,0,
865,3,0,,0,,,0,,,13697,0,,13852,,,,,,,,0xF001E,0,0,
1261,3,0,,0,,,0,,,14721,0,,13864,,,,,,,,0xF001E,0,0,
1267,3,0,,0,,,0,,,14727,0,,13882,,,,,,,,0xF001E,0,0,
1275,3,0,,0,,,0,,,14735,0,,13900,,,,,,,,0xF001E,0,0,
1282,3,0,,0,,,0,,,14742,0,,13918,,,,,,,,0xF001E,0,0,
1289,3,0,,0,,,0,,,14541,0,,13936,,,,,,,,0xF001E,0,0,
1080,3,0,,0,,,0,,,14474,0,,13952,,,,,,,,0xF001E,0,0,
1099,3,0,,0,,,0,,,14386,0,,13964,,,,,,,,0xF001E,0,0,
1115,3,0,,0,,,0,,,14402,0,,13976,,,,,,,,0xF001E,0,0,
907,3,0,,0,,,0,,,13826,0,,13988,,,,,,,,0xF001E,0,0,
1127,3,0,,0,,,0,,,14414,0,,13998,,,,,,,,0xF001E,0,0,
1156,3,0,,0,,,0,,,14449,0,,14012,,,,,,,,0xF001E,0,0,
1216,3,0,,0,,,0,,,14936,0,,14023,,,,,,,,0xF001E,0,0,
1250,3,0,,0,,,0,,,14710,0,,14035,,,,,,,,0xF001E,0,0,
1167,3,0,,0,,,0,,,14460,0,,14052,,,,,,,,0xF001E,0,0,
1205,3,0,,0,,,0,,,14961,0,,14063,,,,,,,,0xF001E,0,0,
1208,3,0,,0,,,0,,,14964,0,,14076,,,,,,,,0xF001E,0,0,
1211,3,0,,0,,,0,,,14955,0,,14089,,,,,,,,0xF001E,0,0,
1217,3,0,,0,,,0,,,14937,0,,14101,,,,,,,,0xF001E,0,0,
1226,3,0,,0,,,0,,,14946,0,,14113,,,,,,,,0xF001E,0,0,
1509,3,0,,0,,,0,,,15403,0,,14127,,,,,,,,0xF000E,0,0,
1526,3,0,,0,,,0,,,15440,0,,14134,,,,,,,,0xF000E,0,0,
1530,3,0,,0,,,0,,,15456,0,,14148,,,,,,,,0xF000E,0,0,
1543,3,3,,0,,,0,,,15489,15488,,14162,,,,,,,,0xF000E,0,0,
1668,1,0,,0,,,0,,,16353,0,,14192,,,,,,,,0xF000E,33,1,
1524,3,0,,0,,,0,,,15428,0,,14205,,,,,,,,0xF000E,0,0,
1704,3,0,,0,,,0,,,16624,0,,14218,,,,,,,,0xF000E,0,0,
